time,banknifty,nifty,tte
2021-01-04 09:15:00,0.265961,0.18575999999999998,24
2021-01-04 09:16:00,0.2618875,0.1846525,24
2021-01-04 09:17:00,0.2609475,0.18450899999999998,24
2021-01-04 09:18:00,0.261434,0.18396800000000002,24
2021-01-04 09:19:00,0.2596705,0.18375599999999997,24
2021-01-04 09:20:00,0.2588835,0.18362,24
2021-01-04 09:21:00,0.259297,0.1835715,24
2021-01-04 09:22:00,0.258703,0.1838775,24
2021-01-04 09:23:00,0.258106,0.1839075,24
2021-01-04 09:24:00,0.25948899999999997,0.1839525,24
2021-01-04 09:25:00,0.2589445,0.183622,24
2021-01-04 09:26:00,0.258783,0.183668,24
2021-01-04 09:27:00,0.2568435,0.1841655,24
2021-01-04 09:28:00,0.256347,0.1841155,24
2021-01-04 09:29:00,0.256332,0.18379,24
2021-01-04 09:30:00,0.2589855,0.18363000000000002,24
2021-01-04 09:31:00,0.2580635,0.18346,24
2021-01-04 09:32:00,0.257967,0.1813855,24
2021-01-04 09:33:00,0.2586055,0.181236,24
2021-01-04 09:34:00,0.2589475,0.182803,24
2021-01-04 09:35:00,0.2589595,0.18274800000000002,24
2021-01-04 09:36:00,0.2591685,0.1811035,24
2021-01-04 09:37:00,0.259654,0.1810565,24
2021-01-04 09:38:00,0.2603875,0.18099900000000002,24
2021-01-04 09:39:00,0.26010049999999996,0.182975,24
2021-01-04 09:40:00,0.260382,0.1828095,24
2021-01-04 09:41:00,0.2608195,0.182478,24
2021-01-04 09:42:00,0.2600755,0.1823285,24
2021-01-04 09:43:00,0.2599515,0.18206,24
2021-01-04 09:44:00,0.2591475,0.1820465,24
2021-01-04 09:45:00,0.25864149999999997,0.182126,24
2021-01-04 09:46:00,0.257312,0.1799365,24
2021-01-04 09:47:00,0.2578805,0.179504,24
2021-01-04 09:48:00,0.2589515,0.1811815,24
2021-01-04 09:49:00,0.2586155,0.1807475,24
2021-01-04 09:50:00,0.258569,0.180721,24
2021-01-04 09:51:00,0.258444,0.18088300000000002,24
2021-01-04 09:52:00,0.25810999999999995,0.180837,24
2021-01-04 09:53:00,0.2578245,0.1805575,24
2021-01-04 09:54:00,0.257996,0.180363,24
2021-01-04 09:55:00,0.2584315,0.180103,24
2021-01-04 09:56:00,0.2584475,0.1794595,24
2021-01-04 09:57:00,0.258586,0.177732,24
2021-01-04 09:58:00,0.2579445,0.178561,24
2021-01-04 09:59:00,0.25763199999999997,0.18030000000000002,24
2021-01-04 10:00:00,0.25768349999999995,0.1802935,24
2021-01-04 10:01:00,0.2573445,0.180258,24
2021-01-04 10:02:00,0.258088,0.1802755,24
2021-01-04 10:03:00,0.258044,0.1803565,24
2021-01-04 10:04:00,0.2570325,0.1806045,24
2021-01-04 10:05:00,0.2570795,0.180837,24
2021-01-04 10:06:00,0.2575205,0.180917,24
2021-01-04 10:07:00,0.257256,0.181053,24
2021-01-04 10:08:00,0.25665,0.1808695,24
2021-01-04 10:09:00,0.25737,0.18057099999999998,24
2021-01-04 10:10:00,0.2573725,0.180994,24
2021-01-04 10:11:00,0.2572125,0.1813165,24
2021-01-04 10:12:00,0.2570925,0.18159,24
2021-01-04 10:13:00,0.2554615,0.18168,24
2021-01-04 10:14:00,0.256179,0.1817825,24
2021-01-04 10:15:00,0.256174,0.1817355,24
2021-01-04 10:16:00,0.256312,0.1815355,24
2021-01-04 10:17:00,0.257544,0.18148999999999998,24
2021-01-04 10:18:00,0.25942149999999997,0.181318,24
2021-01-04 10:19:00,0.258176,0.1811215,24
2021-01-04 10:20:00,0.25759,0.1811355,24
2021-01-04 10:21:00,0.256693,0.1811465,24
2021-01-04 10:22:00,0.2573045,0.1810405,24
2021-01-04 10:23:00,0.2571625,0.1811535,24
2021-01-04 10:24:00,0.2568285,0.1815795,24
2021-01-04 10:25:00,0.25631349999999997,0.181745,24
2021-01-04 10:26:00,0.255709,0.1817505,24
2021-01-04 10:27:00,0.2555535,0.181565,24
2021-01-04 10:28:00,0.256105,0.18181799999999998,24
2021-01-04 10:29:00,0.256074,0.18183749999999999,24
2021-01-04 10:30:00,0.2565215,0.18189450000000001,24
2021-01-04 10:31:00,0.257101,0.18193,24
2021-01-04 10:32:00,0.257772,0.18177949999999998,24
2021-01-04 10:33:00,0.258322,,24
2021-01-04 10:34:00,0.2588355,0.1820195,24
2021-01-04 10:35:00,0.25862300000000005,0.18196099999999998,24
2021-01-04 10:36:00,0.258499,0.182012,24
2021-01-04 10:37:00,0.2584415,0.182005,24
2021-01-04 10:38:00,0.25819000000000003,0.18211100000000002,24
2021-01-04 10:39:00,0.25866849999999997,0.18203249999999999,24
2021-01-04 10:40:00,0.2583175,0.18196400000000001,24
2021-01-04 10:41:00,0.2579585,0.18165550000000003,24
2021-01-04 10:42:00,0.257737,0.181475,24
2021-01-04 10:43:00,0.2576885,0.1815115,24
2021-01-04 10:44:00,0.257817,0.181174,24
2021-01-04 10:45:00,0.2582815,0.18137999999999999,24
2021-01-04 10:46:00,0.2567775,0.18128450000000002,24
2021-01-04 10:47:00,0.25787150000000003,0.181723,24
2021-01-04 10:48:00,0.26345799999999997,0.182734,24
2021-01-04 10:49:00,0.26644749999999995,0.18321949999999998,24
2021-01-04 10:50:00,0.2659,0.18305500000000002,24
2021-01-04 10:51:00,0.265544,0.18346,24
2021-01-04 10:52:00,0.264715,0.18383549999999999,24
2021-01-04 10:53:00,0.263235,0.1831445,24
2021-01-04 10:54:00,0.26449100000000003,0.1829325,24
2021-01-04 10:55:00,0.26407800000000003,0.1831535,24
2021-01-04 10:56:00,0.26528050000000003,0.1837615,24
2021-01-04 10:57:00,0.2651775,0.1845935,24
2021-01-04 10:58:00,0.266641,0.1848915,24
2021-01-04 10:59:00,0.26771,0.184712,24
2021-01-04 11:00:00,0.2698265,0.188832,24
2021-01-04 11:01:00,0.27267949999999996,0.190077,24
2021-01-04 11:02:00,0.270516,0.1902835,24
2021-01-04 11:03:00,0.2705775,0.1921085,24
2021-01-04 11:04:00,0.271381,0.1922605,24
2021-01-04 11:05:00,0.2762715,0.1923245,24
2021-01-04 11:06:00,0.27589050000000004,0.1933245,24
2021-01-04 11:07:00,0.27475,0.19263049999999998,24
2021-01-04 11:08:00,0.273279,0.19177149999999998,24
2021-01-04 11:09:00,0.2706615,0.193193,24
2021-01-04 11:10:00,0.2744345,0.192577,24
2021-01-04 11:11:00,0.273053,0.192135,24
2021-01-04 11:12:00,0.27001,0.189256,24
2021-01-04 11:13:00,0.2674745,0.18903399999999998,24
2021-01-04 11:14:00,0.266463,0.1889575,24
2021-01-04 11:15:00,0.267991,0.1892925,24
2021-01-04 11:16:00,0.26905199999999996,0.1889305,24
2021-01-04 11:17:00,0.2671785,0.1892315,24
2021-01-04 11:18:00,0.270218,0.1897845,24
2021-01-04 11:19:00,0.26878349999999995,0.1889745,24
2021-01-04 11:20:00,0.2694115,0.1897075,24
2021-01-04 11:21:00,0.2702445,0.1904225,24
2021-01-04 11:22:00,0.27040850000000005,0.19127349999999999,24
2021-01-04 11:23:00,0.27009,0.1928045,24
2021-01-04 11:24:00,0.27046000000000003,0.19161450000000002,24
2021-01-04 11:25:00,0.269735,0.19049300000000002,24
2021-01-04 11:26:00,0.26863099999999995,0.18966650000000002,24
2021-01-04 11:27:00,0.267937,0.1891725,24
2021-01-04 11:28:00,0.2681985,0.189639,24
2021-01-04 11:29:00,0.268262,0.190037,24
2021-01-04 11:30:00,0.2682325,0.19010300000000002,24
2021-01-04 11:31:00,0.2661435,0.1881945,24
2021-01-04 11:32:00,0.2646235,0.186725,24
2021-01-04 11:33:00,0.26503299999999996,0.186059,24
2021-01-04 11:34:00,0.26403,0.1861465,24
2021-01-04 11:35:00,0.263642,0.1860915,24
2021-01-04 11:36:00,0.263779,0.18590299999999998,24
2021-01-04 11:37:00,0.2640085,0.18592799999999998,24
2021-01-04 11:38:00,0.264031,0.186004,24
2021-01-04 11:39:00,0.2649975,0.18629600000000002,24
2021-01-04 11:40:00,0.267175,0.186266,24
2021-01-04 11:41:00,0.2658655,0.1847835,24
2021-01-04 11:42:00,0.2611425,0.184137,24
2021-01-04 11:43:00,0.2606525,0.1843535,24
2021-01-04 11:44:00,0.2606845,0.184301,24
2021-01-04 11:45:00,0.26161100000000004,0.1845995,24
2021-01-04 11:46:00,0.26297499999999996,0.184594,24
2021-01-04 11:47:00,0.26211,0.1850975,24
2021-01-04 11:48:00,0.2620945,0.1843215,24
2021-01-04 11:49:00,0.263193,0.1844915,24
2021-01-04 11:50:00,0.26361650000000003,0.185384,24
2021-01-04 11:51:00,0.263613,0.1860925,24
2021-01-04 11:52:00,0.264602,0.1857565,24
2021-01-04 11:53:00,0.267413,0.1855805,24
2021-01-04 11:54:00,0.26569149999999997,0.1856085,24
2021-01-04 11:55:00,0.266332,0.18490299999999998,24
2021-01-04 11:56:00,0.2643855,0.18440499999999999,24
2021-01-04 11:57:00,0.26396850000000005,0.18557400000000002,24
2021-01-04 11:58:00,0.2619175,0.18588300000000002,24
2021-01-04 11:59:00,0.2630045,0.185988,24
2021-01-04 12:00:00,0.266162,0.186658,24
2021-01-04 12:01:00,0.2664385,0.1872565,24
2021-01-04 12:02:00,0.265642,0.18702049999999998,24
2021-01-04 12:03:00,0.26497899999999996,0.185566,24
2021-01-04 12:04:00,0.2647485,0.185699,24
2021-01-04 12:05:00,0.2649365,0.18573250000000002,24
2021-01-04 12:06:00,0.265208,0.1854805,24
2021-01-04 12:07:00,0.2654495,0.1858415,24
2021-01-04 12:08:00,0.26431,0.1866425,24
2021-01-04 12:09:00,0.2644105,0.18611149999999999,24
2021-01-04 12:10:00,0.2638005,0.18582500000000002,24
2021-01-04 12:11:00,0.2634765,0.185658,24
2021-01-04 12:12:00,0.2626945,0.185664,24
2021-01-04 12:13:00,0.26329250000000004,0.1855135,24
2021-01-04 12:14:00,0.2637215,0.185626,24
2021-01-04 12:15:00,0.264103,0.185081,24
2021-01-04 12:16:00,0.2640155,0.184609,24
2021-01-04 12:17:00,0.26510999999999996,0.184734,24
2021-01-04 12:18:00,0.264703,0.18450100000000003,24
2021-01-04 12:19:00,0.265117,0.184697,24
2021-01-04 12:20:00,0.2649315,0.18464049999999999,24
2021-01-04 12:21:00,0.2666095,0.1845805,24
2021-01-04 12:22:00,0.2674065,0.184333,24
2021-01-04 12:23:00,0.265967,0.184421,24
2021-01-04 12:24:00,0.2655575,0.1845865,24
2021-01-04 12:25:00,0.264811,0.18499949999999998,24
2021-01-04 12:26:00,0.2657,0.18432700000000002,24
2021-01-04 12:27:00,0.2640205,0.18467650000000002,24
2021-01-04 12:28:00,0.26411399999999996,0.1844345,24
2021-01-04 12:29:00,0.2655375,0.1845505,24
2021-01-04 12:30:00,0.263184,0.1839715,24
2021-01-04 12:31:00,0.26208750000000003,0.18395899999999998,24
2021-01-04 12:32:00,0.26024349999999996,0.1837155,24
2021-01-04 12:33:00,0.262021,0.18429299999999998,24
2021-01-04 12:34:00,0.26184549999999995,0.184029,24
2021-01-04 12:35:00,0.2618955,0.18387399999999998,24
2021-01-04 12:36:00,0.26280349999999997,0.18346099999999999,24
2021-01-04 12:37:00,0.262807,0.1835835,24
2021-01-04 12:38:00,0.263097,0.183297,24
2021-01-04 12:39:00,0.26387700000000003,0.1834515,24
2021-01-04 12:40:00,0.264575,0.183351,24
2021-01-04 12:41:00,0.26390349999999996,0.183368,24
2021-01-04 12:42:00,0.2612825,0.1834405,24
2021-01-04 12:43:00,0.26116,0.1834335,24
2021-01-04 12:44:00,0.261179,0.1831875,24
2021-01-04 12:45:00,0.260524,0.1828805,24
2021-01-04 12:46:00,0.2598985,0.1830835,24
2021-01-04 12:47:00,0.26030549999999997,0.1832855,24
2021-01-04 12:48:00,0.2613435,0.1837955,24
2021-01-04 12:49:00,0.261381,0.1836725,24
2021-01-04 12:50:00,0.2611575,0.183533,24
2021-01-04 12:51:00,0.260482,0.1835835,24
2021-01-04 12:52:00,0.2602965,0.1835135,24
2021-01-04 12:53:00,0.2612535,0.1835235,24
2021-01-04 12:54:00,0.26156250000000003,0.1835395,24
2021-01-04 12:55:00,0.26186299999999996,0.183572,24
2021-01-04 12:56:00,0.262045,0.18374649999999998,24
2021-01-04 12:57:00,0.26149449999999996,0.1839275,24
2021-01-04 12:58:00,0.26070000000000004,0.1841225,24
2021-01-04 12:59:00,0.26135549999999996,0.184012,24
2021-01-04 13:00:00,0.261932,0.18386550000000002,24
2021-01-04 13:01:00,0.26031899999999997,0.18367499999999998,24
2021-01-04 13:02:00,0.2628985,0.183758,24
2021-01-04 13:03:00,0.26398299999999997,0.183816,24
2021-01-04 13:04:00,0.2639945,0.1837635,24
2021-01-04 13:05:00,0.26468800000000003,0.1838375,24
2021-01-04 13:06:00,0.264018,0.1840125,24
2021-01-04 13:07:00,0.26325200000000004,0.1838255,24
2021-01-04 13:08:00,0.2627845,0.183249,24
2021-01-04 13:09:00,0.26358800000000004,0.18350149999999998,24
2021-01-04 13:10:00,0.26288599999999995,0.18393700000000002,24
2021-01-04 13:11:00,0.2619345,0.184025,24
2021-01-04 13:12:00,0.26183100000000004,0.18417499999999998,24
2021-01-04 13:13:00,0.26205449999999997,0.183985,24
2021-01-04 13:14:00,0.262199,0.18386550000000002,24
2021-01-04 13:15:00,0.2630205,0.1836545,24
2021-01-04 13:16:00,0.26310999999999996,0.1840365,24
2021-01-04 13:17:00,0.262842,0.18419649999999999,24
2021-01-04 13:18:00,0.2622955,0.184158,24
2021-01-04 13:19:00,0.2617415,0.18403049999999999,24
2021-01-04 13:20:00,0.2618625,0.184062,24
2021-01-04 13:21:00,0.261749,0.18400450000000002,24
2021-01-04 13:22:00,0.261681,0.184122,24
2021-01-04 13:23:00,0.26185,0.184575,24
2021-01-04 13:24:00,0.2619135,0.18406,24
2021-01-04 13:25:00,,0.18428899999999998,24
2021-01-04 13:26:00,0.26239199999999996,0.184446,24
2021-01-04 13:27:00,0.262793,0.183957,24
2021-01-04 13:28:00,0.26260649999999996,0.183767,24
2021-01-04 13:29:00,0.260324,0.1836415,24
2021-01-04 13:30:00,0.2606455,0.1834805,24
2021-01-04 13:31:00,0.2591365,0.18339650000000002,24
2021-01-04 13:32:00,0.2592705,0.18338500000000002,24
2021-01-04 13:33:00,0.25922999999999996,0.183165,24
2021-01-04 13:34:00,0.2587925,0.1832805,24
2021-01-04 13:35:00,0.2618145,0.1833735,24
2021-01-04 13:36:00,0.263242,0.1834175,24
2021-01-04 13:37:00,0.263256,0.1832085,24
2021-01-04 13:38:00,0.26337299999999997,0.18350850000000002,24
2021-01-04 13:39:00,0.26271900000000004,0.183387,24
2021-01-04 13:40:00,0.26166599999999995,0.18303599999999998,24
2021-01-04 13:41:00,0.26193849999999996,0.182848,24
2021-01-04 13:42:00,0.26159049999999995,0.1829735,24
2021-01-04 13:43:00,0.26120750000000004,0.1831195,24
2021-01-04 13:44:00,0.263059,0.1809445,24
2021-01-04 13:45:00,0.262344,0.18100149999999998,24
2021-01-04 13:46:00,0.262026,0.1810415,24
2021-01-04 13:47:00,0.2614525,0.183211,24
2021-01-04 13:48:00,0.2607485,0.1831465,24
2021-01-04 13:49:00,0.26129,0.181096,24
2021-01-04 13:50:00,0.26117500000000005,0.1813365,24
2021-01-04 13:51:00,0.2609,0.181462,24
2021-01-04 13:52:00,0.260951,0.18147950000000002,24
2021-01-04 13:53:00,0.2609125,0.1813965,24
2021-01-04 13:54:00,0.260938,0.181625,24
2021-01-04 13:55:00,0.261475,0.181585,24
2021-01-04 13:56:00,0.262416,0.18142350000000002,24
2021-01-04 13:57:00,0.2615425,0.1814175,24
2021-01-04 13:58:00,0.261279,0.1814715,24
2021-01-04 13:59:00,0.2604265,0.18150100000000002,24
2021-01-04 14:00:00,0.2599635,0.1807685,24
2021-01-04 14:01:00,0.2664855,0.1834055,24
2021-01-04 14:02:00,0.2667545,0.1843615,24
2021-01-04 14:03:00,0.266643,0.1849005,24
2021-01-04 14:04:00,0.26800650000000004,0.185193,24
2021-01-04 14:05:00,0.26874750000000003,0.184839,24
2021-01-04 14:06:00,0.267969,0.184761,24
2021-01-04 14:07:00,0.26578199999999996,0.18470150000000002,24
2021-01-04 14:08:00,0.26501949999999996,0.1846055,24
2021-01-04 14:09:00,0.264742,0.184843,24
2021-01-04 14:10:00,0.2654605,0.18506699999999998,24
2021-01-04 14:11:00,0.2655655,0.184919,24
2021-01-04 14:12:00,0.26589050000000003,0.184641,24
2021-01-04 14:13:00,0.2647845,0.1845025,24
2021-01-04 14:14:00,0.2651115,0.18448900000000001,24
2021-01-04 14:15:00,0.26515750000000005,0.18481399999999998,24
2021-01-04 14:16:00,0.26791849999999995,0.18509199999999998,24
2021-01-04 14:17:00,0.268494,0.185613,24
2021-01-04 14:18:00,0.26827599999999996,0.185742,24
2021-01-04 14:19:00,0.2679505,0.185899,24
2021-01-04 14:20:00,0.270524,0.18547049999999998,24
2021-01-04 14:21:00,0.26808849999999995,0.185251,24
2021-01-04 14:22:00,0.2670755,0.18575999999999998,24
2021-01-04 14:23:00,0.26598,0.18581199999999998,24
2021-01-04 14:24:00,0.266731,0.185528,24
2021-01-04 14:25:00,0.265855,0.1845865,24
2021-01-04 14:26:00,0.265872,0.18422,24
2021-01-04 14:27:00,0.2663725,0.184454,24
2021-01-04 14:28:00,0.2671515,0.18415700000000002,24
2021-01-04 14:29:00,0.2663055,0.1840235,24
2021-01-04 14:30:00,0.265618,0.1840155,24
2021-01-04 14:31:00,0.26646250000000005,0.181675,24
2021-01-04 14:32:00,0.2668825,0.181406,24
2021-01-04 14:33:00,0.2649545,0.1810385,24
2021-01-04 14:34:00,0.263896,0.1815805,24
2021-01-04 14:35:00,0.264743,0.181857,24
2021-01-04 14:36:00,0.264901,0.18200100000000002,24
2021-01-04 14:37:00,0.263144,0.181803,24
2021-01-04 14:38:00,0.264528,0.181527,24
2021-01-04 14:39:00,0.26552149999999997,0.181668,24
2021-01-04 14:40:00,0.2654145,0.1814525,24
2021-01-04 14:41:00,0.2657115,0.181421,24
2021-01-04 14:42:00,0.263487,0.17895,24
2021-01-04 14:43:00,0.26171,0.1790025,24
2021-01-04 14:44:00,0.260809,0.1818155,24
2021-01-04 14:45:00,0.2634835,0.181785,24
2021-01-04 14:46:00,0.263205,0.181961,24
2021-01-04 14:47:00,0.264753,0.181922,24
2021-01-04 14:48:00,0.2637475,0.1816975,24
2021-01-04 14:49:00,0.2644255,0.1792655,24
2021-01-04 14:50:00,0.2631055,0.179212,24
2021-01-04 14:51:00,0.26276299999999997,0.1789885,24
2021-01-04 14:52:00,0.26279050000000004,0.18155,24
2021-01-04 14:53:00,0.264845,0.181507,24
2021-01-04 14:54:00,0.265347,0.181598,24
2021-01-04 14:55:00,0.2656795,0.179007,24
2021-01-04 14:56:00,0.265327,0.18129699999999999,24
2021-01-04 14:57:00,0.26574949999999997,0.17889349999999998,24
2021-01-04 14:58:00,0.264501,0.1788965,24
2021-01-04 14:59:00,0.2640765,0.1788505,24
2021-01-04 15:00:00,0.263074,0.17853,24
2021-01-04 15:01:00,0.26335699999999995,0.1784885,24
2021-01-04 15:02:00,0.26367799999999997,0.1783165,24
2021-01-04 15:03:00,0.26164750000000003,0.1783415,24
2021-01-04 15:04:00,0.2633395,0.1784255,24
2021-01-04 15:05:00,0.26265400000000005,0.1784545,24
2021-01-04 15:06:00,0.26321249999999996,0.1785195,24
2021-01-04 15:07:00,0.2627965,0.17835600000000001,24
2021-01-04 15:08:00,0.2643255,0.178754,24
2021-01-04 15:09:00,0.2641635,0.178647,24
2021-01-04 15:10:00,0.2636575,0.1787605,24
2021-01-04 15:11:00,0.2642875,0.178515,24
2021-01-04 15:12:00,0.263812,0.1784705,24
2021-01-04 15:13:00,0.2632015,0.17838500000000002,24
2021-01-04 15:14:00,0.264537,0.178467,24
2021-01-04 15:15:00,0.264615,0.178999,24
2021-01-04 15:16:00,0.264239,0.17926999999999998,24
2021-01-04 15:17:00,0.26218850000000005,0.179621,24
2021-01-04 15:18:00,0.26329800000000003,0.17969249999999998,24
2021-01-04 15:19:00,0.263127,0.18010700000000002,24
2021-01-04 15:20:00,0.2636035,0.17963400000000002,24
2021-01-04 15:21:00,0.26341250000000005,0.179216,24
2021-01-04 15:22:00,0.261776,0.17934450000000002,24
2021-01-04 15:23:00,0.264124,0.1793815,24
2021-01-04 15:24:00,0.264624,0.179711,24
2021-01-04 15:25:00,0.26331150000000003,0.1803725,24
2021-01-04 15:26:00,0.261814,0.1807465,24
2021-01-04 15:27:00,0.26117999999999997,0.1806985,24
2021-01-04 15:28:00,0.2615385,0.180562,24
2021-01-04 15:29:00,0.261505,0.18017450000000002,24
2021-01-04 15:30:00,0.2604215,0.1847495,24
2021-01-05 09:15:00,0.2655945,0.1879215,23
2021-01-05 09:16:00,0.273694,0.187707,23
2021-01-05 09:17:00,0.2738045,0.1884815,23
2021-01-05 09:18:00,0.2730365,0.1894095,23
2021-01-05 09:19:00,0.270968,0.18993549999999998,23
2021-01-05 09:20:00,0.272235,0.19067699999999999,23
2021-01-05 09:21:00,0.2716685,0.1898955,23
2021-01-05 09:22:00,0.27149650000000003,0.18977149999999998,23
2021-01-05 09:23:00,0.27253099999999997,0.1895905,23
2021-01-05 09:24:00,0.27179549999999997,0.1897535,23
2021-01-05 09:25:00,0.27122749999999995,0.189028,23
2021-01-05 09:26:00,0.27064350000000004,0.18924950000000001,23
2021-01-05 09:27:00,0.27090400000000003,0.1888785,23
2021-01-05 09:28:00,0.2699595,0.18910549999999998,23
2021-01-05 09:29:00,0.2698985,0.1893265,23
2021-01-05 09:30:00,0.268328,0.189194,23
2021-01-05 09:31:00,0.267192,0.188972,23
2021-01-05 09:32:00,0.2681785,0.18924649999999998,23
2021-01-05 09:33:00,0.2686015,0.189331,23
2021-01-05 09:34:00,0.267938,0.18956,23
2021-01-05 09:35:00,0.26927599999999996,0.18958750000000002,23
2021-01-05 09:36:00,0.269617,0.18967250000000002,23
2021-01-05 09:37:00,0.268039,0.1894435,23
2021-01-05 09:38:00,0.269116,0.1896695,23
2021-01-05 09:39:00,0.2686075,0.1895385,23
2021-01-05 09:40:00,0.269258,0.18955300000000003,23
2021-01-05 09:41:00,0.26912800000000003,0.18911850000000002,23
2021-01-05 09:42:00,0.2696575,0.1888865,23
2021-01-05 09:43:00,0.2695915,0.1885995,23
2021-01-05 09:44:00,0.2690635,0.188667,23
2021-01-05 09:45:00,0.2690515,0.1890925,23
2021-01-05 09:46:00,0.26972399999999996,0.189137,23
2021-01-05 09:47:00,0.270395,0.1892065,23
2021-01-05 09:48:00,0.27038799999999996,0.189223,23
2021-01-05 09:49:00,0.26831950000000004,0.1892035,23
2021-01-05 09:50:00,0.2686745,0.1887365,23
2021-01-05 09:51:00,0.26855799999999996,0.1892455,23
2021-01-05 09:52:00,0.26827650000000003,0.189687,23
2021-01-05 09:53:00,0.2688205,0.189379,23
2021-01-05 09:54:00,0.269659,0.1893365,23
2021-01-05 09:55:00,0.269668,0.1896295,23
2021-01-05 09:56:00,0.268795,0.1899175,23
2021-01-05 09:57:00,0.26969350000000003,0.189863,23
2021-01-05 09:58:00,0.26980950000000004,0.19007849999999998,23
2021-01-05 09:59:00,0.26951800000000004,0.1899965,23
2021-01-05 10:00:00,0.26918,0.1902045,23
2021-01-05 10:01:00,0.269615,0.19002249999999998,23
2021-01-05 10:02:00,0.2703185,0.190096,23
2021-01-05 10:03:00,0.2700535,0.1903315,23
2021-01-05 10:04:00,0.2703335,0.190503,23
2021-01-05 10:05:00,0.2702245,0.1905195,23
2021-01-05 10:06:00,0.270224,0.190773,23
2021-01-05 10:07:00,0.2698295,0.190912,23
2021-01-05 10:08:00,0.27002499999999996,0.1905505,23
2021-01-05 10:09:00,0.2698895,0.19054349999999998,23
2021-01-05 10:10:00,0.2694955,0.190966,23
2021-01-05 10:11:00,0.2693755,0.190603,23
2021-01-05 10:12:00,0.2694965,0.191255,23
2021-01-05 10:13:00,0.26929650000000005,0.1917,23
2021-01-05 10:14:00,0.268475,0.19195600000000002,23
2021-01-05 10:15:00,0.2686345,0.1916205,23
2021-01-05 10:16:00,0.2705875,0.1908435,23
2021-01-05 10:17:00,0.2688425,0.1904755,23
2021-01-05 10:18:00,0.26942750000000004,0.19049549999999998,23
2021-01-05 10:19:00,0.2706685,0.19073849999999998,23
2021-01-05 10:20:00,0.269615,0.190845,23
2021-01-05 10:21:00,0.26992099999999997,0.190757,23
2021-01-05 10:22:00,0.2702685,0.190365,23
2021-01-05 10:23:00,0.269968,0.1903205,23
2021-01-05 10:24:00,0.2688515,0.1898995,23
2021-01-05 10:25:00,0.266341,0.1898195,23
2021-01-05 10:26:00,0.26713050000000005,0.18881799999999999,23
2021-01-05 10:27:00,0.2664655,0.188939,23
2021-01-05 10:28:00,0.26675550000000003,0.1893155,23
2021-01-05 10:29:00,0.2669775,0.189306,23
2021-01-05 10:30:00,0.266255,0.18957400000000002,23
2021-01-05 10:31:00,0.2659555,0.18913,23
2021-01-05 10:32:00,0.2653575,0.18918449999999998,23
2021-01-05 10:33:00,0.265851,0.1892985,23
2021-01-05 10:34:00,0.26602000000000003,0.189083,23
2021-01-05 10:35:00,0.265905,0.189352,23
2021-01-05 10:36:00,0.2657545,0.189358,23
2021-01-05 10:37:00,0.26625699999999997,0.188998,23
2021-01-05 10:38:00,0.2663845,0.18895299999999998,23
2021-01-05 10:39:00,0.26696600000000004,0.1888245,23
2021-01-05 10:40:00,0.2674695,0.18844149999999998,23
2021-01-05 10:41:00,0.26752549999999997,0.188689,23
2021-01-05 10:42:00,0.2669455,0.18897150000000001,23
2021-01-05 10:43:00,0.2666575,0.189276,23
2021-01-05 10:44:00,0.265549,0.18917699999999998,23
2021-01-05 10:45:00,0.266012,0.18913449999999998,23
2021-01-05 10:46:00,0.26681350000000004,0.1887595,23
2021-01-05 10:47:00,0.265874,0.188882,23
2021-01-05 10:48:00,0.265623,0.18876300000000001,23
2021-01-05 10:49:00,0.265,0.1878305,23
2021-01-05 10:50:00,0.264632,0.1879955,23
2021-01-05 10:51:00,0.2642715,0.1880235,23
2021-01-05 10:52:00,0.26573,0.188217,23
2021-01-05 10:53:00,0.26386750000000003,0.1880015,23
2021-01-05 10:54:00,0.264603,0.18793549999999998,23
2021-01-05 10:55:00,0.2644575,0.18803799999999998,23
2021-01-05 10:56:00,0.2645375,0.18810949999999999,23
2021-01-05 10:57:00,0.2642755,0.18842,23
2021-01-05 10:58:00,0.265577,0.1888555,23
2021-01-05 10:59:00,0.265922,0.188965,23
2021-01-05 11:00:00,0.265138,0.1888435,23
2021-01-05 11:01:00,0.2653795,0.188773,23
2021-01-05 11:02:00,0.26594799999999996,0.188815,23
2021-01-05 11:03:00,0.266621,0.188745,23
2021-01-05 11:04:00,0.2666155,0.1890885,23
2021-01-05 11:05:00,0.265402,0.188392,23
2021-01-05 11:06:00,0.266511,0.18837700000000002,23
2021-01-05 11:07:00,0.26425200000000004,0.185873,23
2021-01-05 11:08:00,0.265249,0.18573800000000001,23
2021-01-05 11:09:00,0.2638275,0.18592150000000002,23
2021-01-05 11:10:00,0.264031,0.1858785,23
2021-01-05 11:11:00,0.263618,0.18636799999999998,23
2021-01-05 11:12:00,0.263231,0.1859495,23
2021-01-05 11:13:00,0.263104,0.185565,23
2021-01-05 11:14:00,0.2631345,0.1855365,23
2021-01-05 11:15:00,0.263523,0.185907,23
2021-01-05 11:16:00,0.2643535,0.188554,23
2021-01-05 11:17:00,0.263609,0.185943,23
2021-01-05 11:18:00,0.26343550000000004,0.185916,23
2021-01-05 11:19:00,0.263221,0.18575999999999998,23
2021-01-05 11:20:00,0.263002,0.185583,23
2021-01-05 11:21:00,0.2641075,0.1859,23
2021-01-05 11:22:00,0.2630295,0.18568,23
2021-01-05 11:23:00,0.2631915,0.182579,23
2021-01-05 11:24:00,0.26259,0.1824515,23
2021-01-05 11:25:00,0.262378,0.185226,23
2021-01-05 11:26:00,0.262659,0.1853195,23
2021-01-05 11:27:00,0.26291549999999997,0.18528250000000002,23
2021-01-05 11:28:00,0.2636145,0.1852305,23
2021-01-05 11:29:00,0.263426,0.1856585,23
2021-01-05 11:30:00,0.263327,0.1830315,23
2021-01-05 11:31:00,0.2626385,0.18323,23
2021-01-05 11:32:00,0.2629885,0.1831645,23
2021-01-05 11:33:00,0.2631425,0.1830555,23
2021-01-05 11:34:00,0.2628115,0.1860815,23
2021-01-05 11:35:00,0.2638335,0.1858435,23
2021-01-05 11:36:00,0.264108,0.186075,23
2021-01-05 11:37:00,0.263097,0.185908,23
2021-01-05 11:38:00,0.26343300000000003,0.185647,23
2021-01-05 11:39:00,0.26399700000000004,0.185335,23
2021-01-05 11:40:00,0.264281,0.185335,23
2021-01-05 11:41:00,0.26394249999999997,0.1854205,23
2021-01-05 11:42:00,0.264139,0.18577349999999998,23
2021-01-05 11:43:00,0.2637195,0.1834805,23
2021-01-05 11:44:00,0.26413600000000004,0.18356299999999998,23
2021-01-05 11:45:00,0.26394249999999997,0.1838015,23
2021-01-05 11:46:00,0.2637125,0.1832285,23
2021-01-05 11:47:00,0.2638295,0.18315599999999999,23
2021-01-05 11:48:00,0.2635635,0.1830675,23
2021-01-05 11:49:00,0.2630825,0.18243399999999999,23
2021-01-05 11:50:00,0.26282799999999995,0.1826105,23
2021-01-05 11:51:00,0.263205,0.1854255,23
2021-01-05 11:52:00,0.26351349999999996,0.18323899999999999,23
2021-01-05 11:53:00,0.263516,0.1853475,23
2021-01-05 11:54:00,0.26348499999999997,0.1853915,23
2021-01-05 11:55:00,0.2627975,0.185625,23
2021-01-05 11:56:00,0.2627165,0.185583,23
2021-01-05 11:57:00,0.262617,0.185189,23
2021-01-05 11:58:00,0.2631855,0.185519,23
2021-01-05 11:59:00,0.26274149999999996,0.183014,23
2021-01-05 12:00:00,0.263317,0.1828425,23
2021-01-05 12:01:00,0.263753,0.1825735,23
2021-01-05 12:02:00,0.2636275,0.182682,23
2021-01-05 12:03:00,0.263853,0.1831845,23
2021-01-05 12:04:00,0.2636785,0.183386,23
2021-01-05 12:05:00,0.263714,0.183336,23
2021-01-05 12:06:00,0.2620975,0.18306299999999998,23
2021-01-05 12:07:00,0.263119,0.18303,23
2021-01-05 12:08:00,0.2635105,0.183223,23
2021-01-05 12:09:00,0.263594,0.183133,23
2021-01-05 12:10:00,0.26400349999999995,0.18300850000000002,23
2021-01-05 12:11:00,0.26437,0.183004,23
2021-01-05 12:12:00,0.2642725,0.18302,23
2021-01-05 12:13:00,0.263479,0.18308000000000002,23
2021-01-05 12:14:00,0.26387150000000004,0.183299,23
2021-01-05 12:15:00,0.263246,0.183059,23
2021-01-05 12:16:00,0.26188999999999996,0.183287,23
2021-01-05 12:17:00,0.261869,0.1830885,23
2021-01-05 12:18:00,0.2627575,0.1830905,23
2021-01-05 12:19:00,0.26299,0.1834005,23
2021-01-05 12:20:00,0.26292000000000004,0.1834445,23
2021-01-05 12:21:00,0.263428,0.18361349999999999,23
2021-01-05 12:22:00,0.26410500000000003,0.18365749999999997,23
2021-01-05 12:23:00,0.2641995,0.18375350000000001,23
2021-01-05 12:24:00,0.264134,0.184094,23
2021-01-05 12:25:00,0.2639125,0.1842325,23
2021-01-05 12:26:00,0.26287000000000005,0.1841625,23
2021-01-05 12:27:00,0.2625525,0.184056,23
2021-01-05 12:28:00,0.26132,0.184209,23
2021-01-05 12:29:00,0.262317,0.18413000000000002,23
2021-01-05 12:30:00,0.26282099999999997,0.183777,23
2021-01-05 12:31:00,0.2621795,0.1836425,23
2021-01-05 12:32:00,0.26138300000000003,0.1827575,23
2021-01-05 12:33:00,0.2604595,0.1828395,23
2021-01-05 12:34:00,0.2607005,0.1835955,23
2021-01-05 12:35:00,0.261224,0.1841875,23
2021-01-05 12:36:00,0.261483,0.18412299999999998,23
2021-01-05 12:37:00,0.262053,0.184086,23
2021-01-05 12:38:00,0.261779,0.18415,23
2021-01-05 12:39:00,0.26129,0.1843205,23
2021-01-05 12:40:00,0.26208600000000004,0.1838835,23
2021-01-05 12:41:00,0.261995,0.183712,23
2021-01-05 12:42:00,0.2623095,0.18410949999999998,23
2021-01-05 12:43:00,0.26276,0.184072,23
2021-01-05 12:44:00,0.26273199999999997,,23
2021-01-05 12:45:00,0.262583,0.183792,23
2021-01-05 12:46:00,0.26312199999999997,0.183998,23
2021-01-05 12:47:00,0.2633005,0.18419000000000002,23
2021-01-05 12:48:00,0.26334250000000003,0.183971,23
2021-01-05 12:49:00,0.263376,0.183815,23
2021-01-05 12:50:00,0.263374,0.1837765,23
2021-01-05 12:51:00,0.263726,0.18392150000000002,23
2021-01-05 12:52:00,0.263608,0.183838,23
2021-01-05 12:53:00,0.2637495,0.183807,23
2021-01-05 12:54:00,0.2637565,0.183691,23
2021-01-05 12:55:00,0.2638025,0.18379849999999998,23
2021-01-05 12:56:00,0.262572,0.184104,23
2021-01-05 12:57:00,0.2636455,0.1841295,23
2021-01-05 12:58:00,0.26341950000000003,0.183866,23
2021-01-05 12:59:00,0.263627,0.183848,23
2021-01-05 13:00:00,0.2634525,0.183703,23
2021-01-05 13:01:00,0.2632555,0.183558,23
2021-01-05 13:02:00,0.263142,0.1834565,23
2021-01-05 13:03:00,0.2634515,0.18307800000000002,23
2021-01-05 13:04:00,0.264213,0.18292150000000001,23
2021-01-05 13:05:00,0.264381,0.183068,23
2021-01-05 13:06:00,0.265063,0.18398399999999998,23
2021-01-05 13:07:00,0.263846,0.18438549999999998,23
2021-01-05 13:08:00,0.263952,0.1847255,23
2021-01-05 13:09:00,0.26383749999999995,0.18473299999999998,23
2021-01-05 13:10:00,0.263435,0.18462699999999999,23
2021-01-05 13:11:00,0.2631685,0.1845305,23
2021-01-05 13:12:00,0.2636185,0.1840145,23
2021-01-05 13:13:00,0.2631905,0.184232,23
2021-01-05 13:14:00,0.261981,0.18388100000000002,23
2021-01-05 13:15:00,0.263485,0.1832145,23
2021-01-05 13:16:00,0.26528300000000005,0.18288500000000002,23
2021-01-05 13:17:00,0.264613,0.18320199999999998,23
2021-01-05 13:18:00,0.2645235,0.186782,23
2021-01-05 13:19:00,0.26513549999999997,0.186701,23
2021-01-05 13:20:00,0.263935,0.1861455,23
2021-01-05 13:21:00,0.263274,0.1861435,23
2021-01-05 13:22:00,0.26426099999999997,0.18677749999999999,23
2021-01-05 13:23:00,0.2647855,0.1871425,23
2021-01-05 13:24:00,0.265729,0.1894315,23
2021-01-05 13:25:00,0.266626,0.1893335,23
2021-01-05 13:26:00,0.264801,0.18906,23
2021-01-05 13:27:00,0.264489,0.1871305,23
2021-01-05 13:28:00,0.264749,0.1878135,23
2021-01-05 13:29:00,0.264967,0.1872875,23
2021-01-05 13:30:00,0.2643265,0.18713950000000001,23
2021-01-05 13:31:00,0.2634325,0.18412699999999999,23
2021-01-05 13:32:00,0.2633075,0.18388349999999998,23
2021-01-05 13:33:00,0.262251,0.18374800000000002,23
2021-01-05 13:34:00,0.2618455,0.1840155,23
2021-01-05 13:35:00,0.261568,0.18417850000000002,23
2021-01-05 13:36:00,0.260945,0.18401800000000001,23
2021-01-05 13:37:00,0.259789,0.18398150000000002,23
2021-01-05 13:38:00,0.26082950000000005,0.183111,23
2021-01-05 13:39:00,0.261188,0.1832925,23
2021-01-05 13:40:00,0.2615375,0.18303049999999998,23
2021-01-05 13:41:00,0.2631295,0.18309150000000002,23
2021-01-05 13:42:00,0.263473,0.183449,23
2021-01-05 13:43:00,0.2631635,0.18309999999999998,23
2021-01-05 13:44:00,0.2626425,0.18316300000000002,23
2021-01-05 13:45:00,0.26305599999999996,0.18324000000000001,23
2021-01-05 13:46:00,0.262496,0.1827085,23
2021-01-05 13:47:00,0.263147,0.182743,23
2021-01-05 13:48:00,0.26460649999999997,0.182933,23
2021-01-05 13:49:00,0.2648695,0.1837565,23
2021-01-05 13:50:00,0.26461999999999997,0.183825,23
2021-01-05 13:51:00,0.263675,0.1837065,23
2021-01-05 13:52:00,0.2635485,0.18383549999999999,23
2021-01-05 13:53:00,0.263772,0.183891,23
2021-01-05 13:54:00,0.2636415,0.1839015,23
2021-01-05 13:55:00,0.2636685,0.1835765,23
2021-01-05 13:56:00,0.263525,0.183016,23
2021-01-05 13:57:00,0.263528,0.18301050000000002,23
2021-01-05 13:58:00,0.264176,0.1830565,23
2021-01-05 13:59:00,0.264563,0.183102,23
2021-01-05 14:00:00,0.264132,0.183041,23
2021-01-05 14:01:00,0.266347,0.183006,23
2021-01-05 14:02:00,0.2662215,0.1828865,23
2021-01-05 14:03:00,0.2662545,0.182841,23
2021-01-05 14:04:00,0.2675565,0.18301800000000001,23
2021-01-05 14:05:00,0.2663355,0.183267,23
2021-01-05 14:06:00,0.26624899999999996,0.18312650000000003,23
2021-01-05 14:07:00,0.265679,0.1828125,23
2021-01-05 14:08:00,0.2691475,0.18291849999999998,23
2021-01-05 14:09:00,0.2693145,0.1829765,23
2021-01-05 14:10:00,0.26842900000000003,0.1829715,23
2021-01-05 14:11:00,0.26800599999999997,0.18317650000000002,23
2021-01-05 14:12:00,0.26707349999999996,0.18301250000000002,23
2021-01-05 14:13:00,0.268762,0.182805,23
2021-01-05 14:14:00,0.2685965,0.18300850000000002,23
2021-01-05 14:15:00,0.2665725,0.18294300000000002,23
2021-01-05 14:16:00,0.264478,0.18300850000000002,23
2021-01-05 14:17:00,0.2643475,0.182863,23
2021-01-05 14:18:00,0.26245799999999997,0.183002,23
2021-01-05 14:19:00,0.26282150000000004,0.1828835,23
2021-01-05 14:20:00,0.26230299999999995,0.182784,23
2021-01-05 14:21:00,0.263613,0.18268,23
2021-01-05 14:22:00,0.2644745,0.1828075,23
2021-01-05 14:23:00,0.264799,0.18286400000000003,23
2021-01-05 14:24:00,0.264543,0.1825005,23
2021-01-05 14:25:00,0.26584050000000004,0.1823795,23
2021-01-05 14:26:00,0.2666225,0.182735,23
2021-01-05 14:27:00,0.26717100000000005,0.182442,23
2021-01-05 14:28:00,0.2670165,0.1824155,23
2021-01-05 14:29:00,0.26714899999999997,0.182533,23
2021-01-05 14:30:00,0.2672135,0.182485,23
2021-01-05 14:31:00,0.2674785,0.182884,23
2021-01-05 14:32:00,0.267036,0.1827695,23
2021-01-05 14:33:00,0.26700500000000005,0.182164,23
2021-01-05 14:34:00,0.2669135,0.1823305,23
2021-01-05 14:35:00,0.267787,0.18196050000000003,23
2021-01-05 14:36:00,0.267329,0.182409,23
2021-01-05 14:37:00,0.266887,0.182724,23
2021-01-05 14:38:00,0.2670805,0.18277900000000002,23
2021-01-05 14:39:00,0.26631099999999996,0.182421,23
2021-01-05 14:40:00,0.265878,0.181922,23
2021-01-05 14:41:00,0.266546,0.182034,23
2021-01-05 14:42:00,0.2664205,0.1822785,23
2021-01-05 14:43:00,0.265972,0.18199700000000002,23
2021-01-05 14:44:00,0.2654025,0.1819195,23
2021-01-05 14:45:00,0.2651485,0.1821575,23
2021-01-05 14:46:00,0.2668605,0.18198799999999998,23
2021-01-05 14:47:00,0.26627449999999997,0.18212499999999998,23
2021-01-05 14:48:00,0.26693599999999995,0.1822195,23
2021-01-05 14:49:00,0.26787649999999996,0.182361,23
2021-01-05 14:50:00,0.267054,0.1826035,23
2021-01-05 14:51:00,0.265654,0.1826085,23
2021-01-05 14:52:00,0.26563950000000003,0.18253049999999998,23
2021-01-05 14:53:00,0.26604150000000004,0.182401,23
2021-01-05 14:54:00,0.266247,0.18222549999999998,23
2021-01-05 14:55:00,0.266462,0.182273,23
2021-01-05 14:56:00,0.2650445,0.18243399999999999,23
2021-01-05 14:57:00,0.263063,0.18294,23
2021-01-05 14:58:00,0.2623885,0.18331,23
2021-01-05 14:59:00,0.264152,0.183927,23
2021-01-05 15:00:00,0.26200599999999996,0.1832995,23
2021-01-05 15:01:00,0.262112,0.1828235,23
2021-01-05 15:02:00,0.262548,0.18313600000000002,23
2021-01-05 15:03:00,0.264038,0.183027,23
2021-01-05 15:04:00,0.26401600000000003,0.182972,23
2021-01-05 15:05:00,0.263884,0.182882,23
2021-01-05 15:06:00,0.2628145,0.183311,23
2021-01-05 15:07:00,0.26361599999999996,0.183725,23
2021-01-05 15:08:00,0.264616,0.184167,23
2021-01-05 15:09:00,0.264656,0.1842745,23
2021-01-05 15:10:00,0.2646575,0.1842955,23
2021-01-05 15:11:00,0.264269,0.1845235,23
2021-01-05 15:12:00,0.2645775,0.18448900000000001,23
2021-01-05 15:13:00,0.2641375,0.185074,23
2021-01-05 15:14:00,0.2646385,0.1857995,23
2021-01-05 15:15:00,0.26480400000000004,0.18561149999999998,23
2021-01-05 15:16:00,0.2637205,0.18427,23
2021-01-05 15:17:00,0.26571199999999995,0.1847905,23
2021-01-05 15:18:00,0.266177,0.1855485,23
2021-01-05 15:19:00,0.266706,0.185257,23
2021-01-05 15:20:00,0.2646,0.18528250000000002,23
2021-01-05 15:21:00,0.264426,0.1849425,23
2021-01-05 15:22:00,0.26482700000000003,0.184985,23
2021-01-05 15:23:00,0.26400049999999997,0.185177,23
2021-01-05 15:24:00,0.2648475,0.185707,23
2021-01-05 15:25:00,0.26426950000000005,0.185934,23
2021-01-05 15:26:00,0.263767,0.185836,23
2021-01-05 15:27:00,0.26549100000000003,0.18575,23
2021-01-05 15:28:00,0.2661025,0.185909,23
2021-01-05 15:29:00,0.26634800000000003,0.1859475,23
2021-01-05 15:30:00,0.2646665,0.1838105,23
2021-01-06 09:15:00,0.27208350000000003,0.1887005,22
2021-01-06 09:16:00,0.2646355,0.1890425,22
2021-01-06 09:17:00,0.26588849999999997,0.1897095,22
2021-01-06 09:18:00,0.2669645,0.1904005,22
2021-01-06 09:19:00,0.268275,0.18766100000000002,22
2021-01-06 09:20:00,0.27032,0.18702950000000002,22
2021-01-06 09:21:00,0.26976849999999997,0.188143,22
2021-01-06 09:22:00,0.26799649999999997,0.18763849999999999,22
2021-01-06 09:23:00,0.2686685,0.18712299999999998,22
2021-01-06 09:24:00,0.268071,0.1867695,22
2021-01-06 09:25:00,0.267214,0.18912099999999998,22
2021-01-06 09:26:00,0.26661,0.188575,22
2021-01-06 09:27:00,0.266999,0.18866149999999998,22
2021-01-06 09:28:00,0.2662985,0.18849149999999998,22
2021-01-06 09:29:00,0.26710500000000004,0.1883205,22
2021-01-06 09:30:00,0.2678235,0.18860300000000002,22
2021-01-06 09:31:00,0.266278,0.18884,22
2021-01-06 09:32:00,0.264381,0.1887255,22
2021-01-06 09:33:00,0.2649665,0.18982949999999998,22
2021-01-06 09:34:00,0.2654085,0.189954,22
2021-01-06 09:35:00,0.26783250000000003,0.1897555,22
2021-01-06 09:36:00,0.26627449999999997,0.189993,22
2021-01-06 09:37:00,0.266009,0.190696,22
2021-01-06 09:38:00,0.265795,0.190163,22
2021-01-06 09:39:00,0.26583599999999996,0.1898315,22
2021-01-06 09:40:00,0.2631835,0.18957000000000002,22
2021-01-06 09:41:00,0.2620455,0.1900205,22
2021-01-06 09:42:00,0.2616215,0.189719,22
2021-01-06 09:43:00,0.26066449999999997,0.18948199999999998,22
2021-01-06 09:44:00,0.259798,0.1895555,22
2021-01-06 09:45:00,0.26000049999999997,0.189222,22
2021-01-06 09:46:00,0.261117,0.18933899999999998,22
2021-01-06 09:47:00,0.2613195,0.18930550000000002,22
2021-01-06 09:48:00,0.2611945,0.1891735,22
2021-01-06 09:49:00,0.259729,0.1890935,22
2021-01-06 09:50:00,0.25979850000000004,0.189042,22
2021-01-06 09:51:00,0.259772,0.18869350000000001,22
2021-01-06 09:52:00,0.260301,0.188907,22
2021-01-06 09:53:00,0.26149100000000003,0.188965,22
2021-01-06 09:54:00,0.261328,0.1887235,22
2021-01-06 09:55:00,0.26112199999999997,0.188522,22
2021-01-06 09:56:00,0.262837,0.188941,22
2021-01-06 09:57:00,0.2637705,0.1888865,22
2021-01-06 09:58:00,0.264035,0.18912299999999999,22
2021-01-06 09:59:00,0.26382249999999996,0.1891615,22
2021-01-06 10:00:00,0.2633845,0.189546,22
2021-01-06 10:01:00,0.262594,0.1895525,22
2021-01-06 10:02:00,0.262141,0.18932300000000002,22
2021-01-06 10:03:00,0.262496,0.18981749999999997,22
2021-01-06 10:04:00,0.262531,0.1905215,22
2021-01-06 10:05:00,0.2611815,0.190532,22
2021-01-06 10:06:00,0.26042,0.19037749999999998,22
2021-01-06 10:07:00,0.260574,0.1906505,22
2021-01-06 10:08:00,0.26007199999999997,0.1909265,22
2021-01-06 10:09:00,0.2602405,0.1907815,22
2021-01-06 10:10:00,0.26093200000000005,0.19073400000000001,22
2021-01-06 10:11:00,0.2607155,0.1908405,22
2021-01-06 10:12:00,0.261031,0.19094250000000001,22
2021-01-06 10:13:00,0.2619435,0.190644,22
2021-01-06 10:14:00,0.262536,0.1907795,22
2021-01-06 10:15:00,0.26083,0.190239,22
2021-01-06 10:16:00,0.25944900000000004,0.19028899999999999,22
2021-01-06 10:17:00,0.261177,0.19001400000000002,22
2021-01-06 10:18:00,0.26231150000000003,0.19030750000000002,22
2021-01-06 10:19:00,0.262978,0.18992900000000001,22
2021-01-06 10:20:00,0.26180349999999997,0.18984499999999999,22
2021-01-06 10:21:00,0.26297950000000003,0.1899285,22
2021-01-06 10:22:00,0.262602,0.18929800000000002,22
2021-01-06 10:23:00,0.2619265,0.1885545,22
2021-01-06 10:24:00,0.261158,0.1890385,22
2021-01-06 10:25:00,0.2605925,0.188622,22
2021-01-06 10:26:00,0.2605115,0.18847350000000002,22
2021-01-06 10:27:00,0.2611955,0.1885485,22
2021-01-06 10:28:00,0.261617,0.188591,22
2021-01-06 10:29:00,0.2622445,0.188419,22
2021-01-06 10:30:00,0.2621335,0.188606,22
2021-01-06 10:31:00,0.261846,0.188523,22
2021-01-06 10:32:00,0.2634145,0.1888195,22
2021-01-06 10:33:00,0.262964,0.18905,22
2021-01-06 10:34:00,0.262837,0.18902950000000002,22
2021-01-06 10:35:00,0.263505,0.1890525,22
2021-01-06 10:36:00,0.261356,0.1887025,22
2021-01-06 10:37:00,0.2617575,0.188162,22
2021-01-06 10:38:00,0.2624475,0.18763950000000001,22
2021-01-06 10:39:00,0.262555,0.1870615,22
2021-01-06 10:40:00,0.261876,0.187039,22
2021-01-06 10:41:00,0.261386,0.18706299999999998,22
2021-01-06 10:42:00,0.261447,0.186844,22
2021-01-06 10:43:00,0.261965,0.18687900000000002,22
2021-01-06 10:44:00,0.2626855,0.186268,22
2021-01-06 10:45:00,0.2629055,0.186083,22
2021-01-06 10:46:00,0.261801,0.18602800000000003,22
2021-01-06 10:47:00,0.262313,0.18342,22
2021-01-06 10:48:00,0.26194,0.185894,22
2021-01-06 10:49:00,0.261195,0.186117,22
2021-01-06 10:50:00,0.2603085,0.186049,22
2021-01-06 10:51:00,0.2604375,0.18610100000000002,22
2021-01-06 10:52:00,0.2617315,0.186277,22
2021-01-06 10:53:00,0.261083,0.186054,22
2021-01-06 10:54:00,0.261899,0.1860885,22
2021-01-06 10:55:00,0.26127199999999995,0.183498,22
2021-01-06 10:56:00,0.26100650000000003,0.1861295,22
2021-01-06 10:57:00,0.26180749999999997,0.18379099999999998,22
2021-01-06 10:58:00,0.2613715,0.183745,22
2021-01-06 10:59:00,0.2610715,0.186295,22
2021-01-06 11:00:00,0.26076699999999997,0.18642999999999998,22
2021-01-06 11:01:00,0.26167450000000003,0.1862355,22
2021-01-06 11:02:00,0.2608815,0.1864005,22
2021-01-06 11:03:00,0.2612555,0.18642150000000002,22
2021-01-06 11:04:00,0.261686,0.1860155,22
2021-01-06 11:05:00,0.262376,0.1832845,22
2021-01-06 11:06:00,0.2612325,0.18330200000000002,22
2021-01-06 11:07:00,0.260936,0.183247,22
2021-01-06 11:08:00,0.26014349999999997,0.1832665,22
2021-01-06 11:09:00,0.25975899999999996,0.1861245,22
2021-01-06 11:10:00,0.2602415,0.18583850000000002,22
2021-01-06 11:11:00,0.26050249999999997,0.18578499999999998,22
2021-01-06 11:12:00,0.2601825,0.185409,22
2021-01-06 11:13:00,0.2603435,0.182506,22
2021-01-06 11:14:00,0.26158349999999997,0.1825205,22
2021-01-06 11:15:00,0.261282,0.1822045,22
2021-01-06 11:16:00,0.26106450000000003,0.182613,22
2021-01-06 11:17:00,0.2611795,0.182602,22
2021-01-06 11:18:00,0.26063400000000003,0.1828845,22
2021-01-06 11:19:00,0.26078599999999996,0.18540600000000002,22
2021-01-06 11:20:00,0.260422,0.185308,22
2021-01-06 11:21:00,0.2603845,0.1852375,22
2021-01-06 11:22:00,0.2604685,0.1852085,22
2021-01-06 11:23:00,0.260416,0.18517,22
2021-01-06 11:24:00,0.2599525,0.1853725,22
2021-01-06 11:25:00,0.26205,0.1853075,22
2021-01-06 11:26:00,0.26171500000000003,0.1850885,22
2021-01-06 11:27:00,0.262492,0.185021,22
2021-01-06 11:28:00,0.26264350000000003,0.185228,22
2021-01-06 11:29:00,0.2625965,0.1852935,22
2021-01-06 11:30:00,0.2632245,0.182684,22
2021-01-06 11:31:00,0.259868,0.1823755,22
2021-01-06 11:32:00,0.261024,0.18218600000000001,22
2021-01-06 11:33:00,0.260455,0.185044,22
2021-01-06 11:34:00,0.2615515,0.1851175,22
2021-01-06 11:35:00,0.261381,0.1854705,22
2021-01-06 11:36:00,0.2608325,0.185785,22
2021-01-06 11:37:00,0.2611375,0.18586249999999999,22
2021-01-06 11:38:00,0.2612675,0.185539,22
2021-01-06 11:39:00,0.2615455,0.18546849999999998,22
2021-01-06 11:40:00,0.2611525,0.1854335,22
2021-01-06 11:41:00,0.2601985,0.1858215,22
2021-01-06 11:42:00,0.262402,0.185817,22
2021-01-06 11:43:00,0.262513,0.18593700000000002,22
2021-01-06 11:44:00,0.2628185,0.185976,22
2021-01-06 11:45:00,0.26240949999999996,0.18595250000000002,22
2021-01-06 11:46:00,0.261976,0.185765,22
2021-01-06 11:47:00,0.261434,0.18610549999999998,22
2021-01-06 11:48:00,0.2613975,0.186172,22
2021-01-06 11:49:00,0.2616255,0.186124,22
2021-01-06 11:50:00,0.261689,0.186157,22
2021-01-06 11:51:00,0.2608145,0.18666700000000003,22
2021-01-06 11:52:00,0.261109,0.1869875,22
2021-01-06 11:53:00,0.26168,0.186802,22
2021-01-06 11:54:00,0.26186050000000005,0.186772,22
2021-01-06 11:55:00,0.2610405,0.187054,22
2021-01-06 11:56:00,0.262887,0.187218,22
2021-01-06 11:57:00,0.2621025,0.187381,22
2021-01-06 11:58:00,0.2629,,22
2021-01-06 11:59:00,0.262886,0.18691,22
2021-01-06 12:00:00,0.263012,0.18697350000000001,22
2021-01-06 12:01:00,0.2624405,0.18699,22
2021-01-06 12:02:00,0.2614565,0.186806,22
2021-01-06 12:03:00,0.26053099999999996,0.1874265,22
2021-01-06 12:04:00,0.26100049999999997,0.18729800000000002,22
2021-01-06 12:05:00,0.26112199999999997,0.1873495,22
2021-01-06 12:06:00,0.2608255,0.187476,22
2021-01-06 12:07:00,0.261114,0.1881405,22
2021-01-06 12:08:00,0.2625535,0.1881385,22
2021-01-06 12:09:00,0.26265499999999997,0.1879925,22
2021-01-06 12:10:00,0.2614545,0.1877395,22
2021-01-06 12:11:00,0.26100749999999995,0.187405,22
2021-01-06 12:12:00,0.26088900000000004,0.18756299999999998,22
2021-01-06 12:13:00,0.2612325,0.1876705,22
2021-01-06 12:14:00,0.260079,0.187851,22
2021-01-06 12:15:00,0.260372,0.187975,22
2021-01-06 12:16:00,0.260434,0.188021,22
2021-01-06 12:17:00,0.26104,0.1875115,22
2021-01-06 12:18:00,0.25943499999999997,0.18744,22
2021-01-06 12:19:00,0.259247,0.187243,22
2021-01-06 12:20:00,0.2585055,0.1869295,22
2021-01-06 12:21:00,0.258812,0.18679600000000002,22
2021-01-06 12:22:00,0.2609935,0.1837975,22
2021-01-06 12:23:00,0.260215,0.1865795,22
2021-01-06 12:24:00,0.26025149999999997,0.18697049999999998,22
2021-01-06 12:25:00,0.26146,0.18400149999999998,22
2021-01-06 12:26:00,0.2611685,0.183857,22
2021-01-06 12:27:00,0.2619935,0.1838955,22
2021-01-06 12:28:00,0.262121,0.1835765,22
2021-01-06 12:29:00,0.2618055,0.1838075,22
2021-01-06 12:30:00,0.2617525,0.18683149999999998,22
2021-01-06 12:31:00,0.2617475,0.187554,22
2021-01-06 12:32:00,0.2623295,0.18367650000000002,22
2021-01-06 12:33:00,0.262493,0.183514,22
2021-01-06 12:34:00,0.2626765,0.1831845,22
2021-01-06 12:35:00,0.26313050000000004,0.1834815,22
2021-01-06 12:36:00,0.263609,0.1835415,22
2021-01-06 12:37:00,0.261739,0.18349,22
2021-01-06 12:38:00,0.26143700000000003,0.183686,22
2021-01-06 12:39:00,0.263513,0.18354700000000002,22
2021-01-06 12:40:00,0.2644535,0.183323,22
2021-01-06 12:41:00,0.264291,0.183428,22
2021-01-06 12:42:00,0.2627005,0.18358950000000002,22
2021-01-06 12:43:00,0.261937,0.18702600000000003,22
2021-01-06 12:44:00,0.2609895,0.1869155,22
2021-01-06 12:45:00,0.2614065,0.1865065,22
2021-01-06 12:46:00,0.26447149999999997,0.186606,22
2021-01-06 12:47:00,0.2644485,0.18689,22
2021-01-06 12:48:00,0.2639655,0.1867975,22
2021-01-06 12:49:00,0.2639705,0.183917,22
2021-01-06 12:50:00,0.26471999999999996,0.18339899999999998,22
2021-01-06 12:51:00,0.26372850000000003,0.18357,22
2021-01-06 12:52:00,0.263476,0.18356250000000002,22
2021-01-06 12:53:00,0.26419000000000004,0.18330849999999999,22
2021-01-06 12:54:00,0.26524349999999997,0.18339149999999999,22
2021-01-06 12:55:00,0.265166,0.186362,22
2021-01-06 12:56:00,0.26491549999999997,0.18655549999999999,22
2021-01-06 12:57:00,0.263891,0.18674200000000002,22
2021-01-06 12:58:00,0.26422049999999997,0.18696400000000002,22
2021-01-06 12:59:00,0.264366,0.18694149999999998,22
2021-01-06 13:00:00,0.26312800000000003,0.1870015,22
2021-01-06 13:01:00,0.262721,0.18665700000000002,22
2021-01-06 13:02:00,0.26192550000000003,0.182886,22
2021-01-06 13:03:00,0.262967,0.183182,22
2021-01-06 13:04:00,0.2629715,0.183377,22
2021-01-06 13:05:00,0.26297099999999995,0.183499,22
2021-01-06 13:06:00,0.264676,0.186856,22
2021-01-06 13:07:00,0.2646665,0.1876135,22
2021-01-06 13:08:00,0.26490800000000003,0.1872475,22
2021-01-06 13:09:00,0.2653735,0.187631,22
2021-01-06 13:10:00,0.26563950000000003,0.188151,22
2021-01-06 13:11:00,0.26561100000000004,0.18821500000000002,22
2021-01-06 13:12:00,0.2635005,0.18792,22
2021-01-06 13:13:00,0.26251199999999997,0.187788,22
2021-01-06 13:14:00,0.26355799999999996,0.18826700000000002,22
2021-01-06 13:15:00,0.263546,0.18869249999999999,22
2021-01-06 13:16:00,0.2644665,0.1887835,22
2021-01-06 13:17:00,0.264268,0.1886505,22
2021-01-06 13:18:00,0.2623485,0.18794450000000001,22
2021-01-06 13:19:00,0.2628975,0.1876545,22
2021-01-06 13:20:00,0.261521,0.1874,22
2021-01-06 13:21:00,0.26125200000000004,0.18776700000000002,22
2021-01-06 13:22:00,0.26195250000000003,0.188242,22
2021-01-06 13:23:00,0.261349,0.18800050000000001,22
2021-01-06 13:24:00,0.2650105,0.1871635,22
2021-01-06 13:25:00,0.263344,0.18764350000000002,22
2021-01-06 13:26:00,0.263988,0.1882855,22
2021-01-06 13:27:00,0.26395599999999997,0.18846449999999998,22
2021-01-06 13:28:00,0.26308,0.188075,22
2021-01-06 13:29:00,0.262938,0.18821949999999998,22
2021-01-06 13:30:00,0.2620295,0.18824950000000001,22
2021-01-06 13:31:00,0.261641,0.188676,22
2021-01-06 13:32:00,0.263012,0.18918600000000002,22
2021-01-06 13:33:00,0.263915,0.189855,22
2021-01-06 13:34:00,0.262287,0.18919550000000002,22
2021-01-06 13:35:00,0.26279949999999996,0.1892725,22
2021-01-06 13:36:00,0.263602,0.1895595,22
2021-01-06 13:37:00,0.262851,0.189945,22
2021-01-06 13:38:00,0.2627965,0.1902035,22
2021-01-06 13:39:00,0.2616325,0.1904205,22
2021-01-06 13:40:00,0.2621965,0.190676,22
2021-01-06 13:41:00,0.2622945,0.1917345,22
2021-01-06 13:42:00,0.26275899999999996,0.19129200000000002,22
2021-01-06 13:43:00,0.264461,0.190826,22
2021-01-06 13:44:00,0.2641375,0.1912775,22
2021-01-06 13:45:00,0.2634655,0.1913835,22
2021-01-06 13:46:00,0.263118,0.1926745,22
2021-01-06 13:47:00,0.2633975,0.1910925,22
2021-01-06 13:48:00,0.263387,0.1916435,22
2021-01-06 13:49:00,0.2650055,0.1923415,22
2021-01-06 13:50:00,0.267026,0.1919145,22
2021-01-06 13:51:00,0.2686885,0.19371149999999998,22
2021-01-06 13:52:00,0.266285,0.1909015,22
2021-01-06 13:53:00,0.26624950000000003,0.192366,22
2021-01-06 13:54:00,0.266075,0.1919285,22
2021-01-06 13:55:00,0.2654625,0.19117299999999998,22
2021-01-06 13:56:00,0.265344,0.19283850000000002,22
2021-01-06 13:57:00,0.2661855,0.1931255,22
2021-01-06 13:58:00,0.2667355,0.1926125,22
2021-01-06 13:59:00,0.26622599999999996,0.19284099999999998,22
2021-01-06 14:00:00,0.2682325,0.192647,22
2021-01-06 14:01:00,0.2681055,0.1924125,22
2021-01-06 14:02:00,0.266053,0.1919595,22
2021-01-06 14:03:00,0.265089,0.191356,22
2021-01-06 14:04:00,0.2650305,0.1907035,22
2021-01-06 14:05:00,0.266347,0.190584,22
2021-01-06 14:06:00,0.2658005,0.191606,22
2021-01-06 14:07:00,0.26855300000000004,0.193869,22
2021-01-06 14:08:00,0.2666655,0.193529,22
2021-01-06 14:09:00,0.2675015,0.19608399999999998,22
2021-01-06 14:10:00,,0.1956415,22
2021-01-06 14:11:00,0.269528,0.1963395,22
2021-01-06 14:12:00,0.269755,0.1957155,22
2021-01-06 14:13:00,0.267127,0.19497599999999998,22
2021-01-06 14:14:00,0.26582150000000004,0.197507,22
2021-01-06 14:15:00,0.267822,0.1971555,22
2021-01-06 14:16:00,0.26565799999999995,0.1971635,22
2021-01-06 14:17:00,0.26486600000000005,0.1943945,22
2021-01-06 14:18:00,0.2648705,0.195233,22
2021-01-06 14:19:00,0.2649855,0.195087,22
2021-01-06 14:20:00,0.2652735,0.19226,22
2021-01-06 14:21:00,0.26550850000000004,0.192578,22
2021-01-06 14:22:00,0.26730149999999997,0.193081,22
2021-01-06 14:23:00,0.2689745,0.19522099999999998,22
2021-01-06 14:24:00,0.267671,0.19546750000000002,22
2021-01-06 14:25:00,0.268025,0.1950245,22
2021-01-06 14:26:00,0.267625,0.192782,22
2021-01-06 14:27:00,0.2663445,0.1921385,22
2021-01-06 14:28:00,0.26654049999999996,0.1952955,22
2021-01-06 14:29:00,0.268752,0.19535249999999998,22
2021-01-06 14:30:00,0.267686,0.1954695,22
2021-01-06 14:31:00,0.2688045,0.1988375,22
2021-01-06 14:32:00,0.267737,0.1967815,22
2021-01-06 14:33:00,0.2682035,0.199722,22
2021-01-06 14:34:00,0.2686045,0.1967345,22
2021-01-06 14:35:00,0.2675675,0.199639,22
2021-01-06 14:36:00,0.26901200000000003,0.196238,22
2021-01-06 14:37:00,0.2696995,0.196556,22
2021-01-06 14:38:00,0.26773349999999996,0.19639600000000002,22
2021-01-06 14:39:00,0.26865649999999996,0.19549149999999998,22
2021-01-06 14:40:00,0.2692995,0.1960855,22
2021-01-06 14:41:00,0.268073,0.192601,22
2021-01-06 14:42:00,0.2662155,0.192553,22
2021-01-06 14:43:00,0.264435,0.191828,22
2021-01-06 14:44:00,0.26486849999999995,0.191712,22
2021-01-06 14:45:00,0.2634615,0.19091049999999998,22
2021-01-06 14:46:00,0.2630565,0.191322,22
2021-01-06 14:47:00,0.262797,0.191679,22
2021-01-06 14:48:00,0.263299,0.19089899999999999,22
2021-01-06 14:49:00,0.263529,0.190815,22
2021-01-06 14:50:00,0.26330200000000004,0.190549,22
2021-01-06 14:51:00,0.2637115,0.1904505,22
2021-01-06 14:52:00,0.2620345,0.191337,22
2021-01-06 14:53:00,0.2623825,0.191117,22
2021-01-06 14:54:00,0.2622185,0.191466,22
2021-01-06 14:55:00,0.2617455,0.1910145,22
2021-01-06 14:56:00,0.261793,0.1905105,22
2021-01-06 14:57:00,0.2616675,0.1914175,22
2021-01-06 14:58:00,0.26104099999999997,0.1912795,22
2021-01-06 14:59:00,0.26118399999999997,0.191112,22
2021-01-06 15:00:00,0.26085,0.19001600000000002,22
2021-01-06 15:01:00,0.260659,0.18965500000000002,22
2021-01-06 15:02:00,0.260513,0.1899395,22
2021-01-06 15:03:00,0.26104550000000004,0.1900265,22
2021-01-06 15:04:00,0.2611835,0.189858,22
2021-01-06 15:05:00,0.2623805,0.189556,22
2021-01-06 15:06:00,0.26201450000000004,0.189803,22
2021-01-06 15:07:00,0.2622925,0.1895395,22
2021-01-06 15:08:00,0.26242750000000004,0.188914,22
2021-01-06 15:09:00,0.26348,0.18925,22
2021-01-06 15:10:00,0.26257149999999996,0.1891445,22
2021-01-06 15:11:00,0.262006,0.18959199999999998,22
2021-01-06 15:12:00,0.2618395,0.189328,22
2021-01-06 15:13:00,0.26049,0.188889,22
2021-01-06 15:14:00,0.26052549999999997,0.1887915,22
2021-01-06 15:15:00,0.2615965,0.18830200000000002,22
2021-01-06 15:16:00,0.261273,0.188024,22
2021-01-06 15:17:00,0.261044,0.1879745,22
2021-01-06 15:18:00,0.26134250000000003,0.18787500000000001,22
2021-01-06 15:19:00,0.26235450000000005,0.187716,22
2021-01-06 15:20:00,0.262471,0.18782100000000002,22
2021-01-06 15:21:00,0.2628275,0.18773,22
2021-01-06 15:22:00,0.263185,0.1877495,22
2021-01-06 15:23:00,0.2627335,0.18781399999999998,22
2021-01-06 15:24:00,0.26365150000000004,0.18787199999999998,22
2021-01-06 15:25:00,0.26267700000000005,0.1880345,22
2021-01-06 15:26:00,0.2619495,0.18833450000000002,22
2021-01-06 15:27:00,0.2625415,0.188156,22
2021-01-06 15:28:00,0.263661,0.187766,22
2021-01-06 15:29:00,0.26404099999999997,0.188187,22
2021-01-06 15:30:00,0.2633035,0.18692550000000002,22
2021-01-07 09:15:00,0.2571815,0.1768005,21
2021-01-07 09:16:00,0.25644449999999996,0.17740899999999998,21
2021-01-07 09:17:00,0.257708,0.177473,21
2021-01-07 09:18:00,0.2555435,0.177747,21
2021-01-07 09:19:00,0.2540145,0.1770775,21
2021-01-07 09:20:00,0.255961,0.176305,21
2021-01-07 09:21:00,0.2559595,0.176112,21
2021-01-07 09:22:00,0.256502,0.175507,21
2021-01-07 09:23:00,0.2554505,0.1754035,21
2021-01-07 09:24:00,0.25617199999999996,0.1752655,21
2021-01-07 09:25:00,0.2549535,0.1750085,21
2021-01-07 09:26:00,0.256206,0.175332,21
2021-01-07 09:27:00,0.25559699999999996,0.175556,21
2021-01-07 09:28:00,0.2560075,0.17554999999999998,21
2021-01-07 09:29:00,0.2561425,0.1755985,21
2021-01-07 09:30:00,0.2556315,0.175484,21
2021-01-07 09:31:00,0.25345850000000003,0.1758925,21
2021-01-07 09:32:00,0.253478,0.179388,21
2021-01-07 09:33:00,0.2519575,0.176334,21
2021-01-07 09:34:00,0.25178350000000005,0.1759845,21
2021-01-07 09:35:00,0.2515615,0.17920350000000002,21
2021-01-07 09:36:00,0.25138950000000004,0.175777,21
2021-01-07 09:37:00,0.252536,0.179156,21
2021-01-07 09:38:00,0.251793,0.178981,21
2021-01-07 09:39:00,0.253089,0.1790445,21
2021-01-07 09:40:00,0.2527815,0.179113,21
2021-01-07 09:41:00,0.2530365,0.179242,21
2021-01-07 09:42:00,0.2532775,0.1761005,21
2021-01-07 09:43:00,0.253423,0.179132,21
2021-01-07 09:44:00,0.253803,0.1759825,21
2021-01-07 09:45:00,0.253139,0.1758225,21
2021-01-07 09:46:00,0.252438,0.17542649999999999,21
2021-01-07 09:47:00,0.252971,0.1758265,21
2021-01-07 09:48:00,0.2542835,0.175609,21
2021-01-07 09:49:00,0.25359750000000003,0.1755765,21
2021-01-07 09:50:00,0.2534765,0.175538,21
2021-01-07 09:51:00,0.2540645,0.1754845,21
2021-01-07 09:52:00,0.25457799999999997,0.1757015,21
2021-01-07 09:53:00,0.255385,0.175643,21
2021-01-07 09:54:00,0.2557345,0.1753165,21
2021-01-07 09:55:00,0.25584399999999996,0.175773,21
2021-01-07 09:56:00,0.25631499999999996,0.1755535,21
2021-01-07 09:57:00,0.25644449999999996,0.17547849999999998,21
2021-01-07 09:58:00,0.256883,0.17535,21
2021-01-07 09:59:00,0.25734500000000005,0.175473,21
2021-01-07 10:00:00,0.25642200000000004,0.175441,21
2021-01-07 10:01:00,0.256121,0.1755125,21
2021-01-07 10:02:00,,0.1756295,21
2021-01-07 10:03:00,0.255914,0.175235,21
2021-01-07 10:04:00,0.255233,0.175503,21
2021-01-07 10:05:00,0.254496,0.17586849999999998,21
2021-01-07 10:06:00,0.25556999999999996,0.1792875,21
2021-01-07 10:07:00,0.255433,0.1792665,21
2021-01-07 10:08:00,0.2542545,0.17949,21
2021-01-07 10:09:00,0.255234,0.176283,21
2021-01-07 10:10:00,0.256298,0.1795875,21
2021-01-07 10:11:00,0.2562155,0.17974849999999998,21
2021-01-07 10:12:00,0.256137,0.179462,21
2021-01-07 10:13:00,0.255193,0.1793205,21
2021-01-07 10:14:00,0.2533605,0.1794695,21
2021-01-07 10:15:00,0.254436,0.17930200000000002,21
2021-01-07 10:16:00,0.2547875,0.178987,21
2021-01-07 10:17:00,0.25453099999999995,0.1790585,21
2021-01-07 10:18:00,0.253536,0.175962,21
2021-01-07 10:19:00,0.2543865,0.175843,21
2021-01-07 10:20:00,0.255358,0.1758155,21
2021-01-07 10:21:00,0.256216,0.179193,21
2021-01-07 10:22:00,0.255612,0.18257099999999998,21
2021-01-07 10:23:00,0.2552,0.18242150000000001,21
2021-01-07 10:24:00,0.25504800000000005,0.182391,21
2021-01-07 10:25:00,0.2549825,0.18248999999999999,21
2021-01-07 10:26:00,0.2556175,0.1831525,21
2021-01-07 10:27:00,0.2549345,0.18356,21
2021-01-07 10:28:00,0.256731,0.183347,21
2021-01-07 10:29:00,0.256619,0.183033,21
2021-01-07 10:30:00,0.25513600000000003,0.1828935,21
2021-01-07 10:31:00,0.2551115,0.183305,21
2021-01-07 10:32:00,0.25384300000000004,0.182515,21
2021-01-07 10:33:00,0.2542215,0.1824085,21
2021-01-07 10:34:00,0.25418050000000003,0.18237199999999998,21
2021-01-07 10:35:00,0.2538825,0.1828295,21
2021-01-07 10:36:00,0.253461,0.18329800000000002,21
2021-01-07 10:37:00,0.25395350000000005,0.1832145,21
2021-01-07 10:38:00,0.2559215,0.1829215,21
2021-01-07 10:39:00,0.2559985,0.1828155,21
2021-01-07 10:40:00,0.254748,0.1829755,21
2021-01-07 10:41:00,0.25459350000000003,0.183214,21
2021-01-07 10:42:00,0.254671,0.1832145,21
2021-01-07 10:43:00,0.25518050000000003,0.182661,21
2021-01-07 10:44:00,0.254908,0.182776,21
2021-01-07 10:45:00,0.25453000000000003,0.182724,21
2021-01-07 10:46:00,0.2541005,0.182845,21
2021-01-07 10:47:00,0.2558235,0.182511,21
2021-01-07 10:48:00,0.2578065,0.1825755,21
2021-01-07 10:49:00,0.25867850000000003,0.18259599999999998,21
2021-01-07 10:50:00,0.25721,0.1825735,21
2021-01-07 10:51:00,0.257108,0.1825225,21
2021-01-07 10:52:00,0.256625,0.18146849999999998,21
2021-01-07 10:53:00,0.256358,0.1815395,21
2021-01-07 10:54:00,0.2557,0.181564,21
2021-01-07 10:55:00,0.2549255,0.1816795,21
2021-01-07 10:56:00,0.2554875,0.1816465,21
2021-01-07 10:57:00,0.25509800000000005,0.182489,21
2021-01-07 10:58:00,0.2545345,0.18248350000000002,21
2021-01-07 10:59:00,0.2538785,0.1823125,21
2021-01-07 11:00:00,0.25528850000000003,0.182211,21
2021-01-07 11:01:00,0.255869,0.182431,21
2021-01-07 11:02:00,0.25614400000000004,0.1833245,21
2021-01-07 11:03:00,0.255398,0.1832335,21
2021-01-07 11:04:00,0.255869,0.183392,21
2021-01-07 11:05:00,0.2555515,0.1835125,21
2021-01-07 11:06:00,0.25560249999999995,0.1835245,21
2021-01-07 11:07:00,0.254813,0.18363649999999998,21
2021-01-07 11:08:00,0.25475349999999997,0.18399549999999998,21
2021-01-07 11:09:00,0.2550435,0.1842115,21
2021-01-07 11:10:00,0.2554845,0.18406899999999998,21
2021-01-07 11:11:00,0.2555055,0.183735,21
2021-01-07 11:12:00,0.2558425,0.18308950000000002,21
2021-01-07 11:13:00,0.25584799999999996,0.18324200000000002,21
2021-01-07 11:14:00,0.25592550000000003,0.1832655,21
2021-01-07 11:15:00,0.25583999999999996,0.18233,21
2021-01-07 11:16:00,0.25594700000000004,0.181782,21
2021-01-07 11:17:00,0.255962,0.182252,21
2021-01-07 11:18:00,0.2549295,0.182628,21
2021-01-07 11:19:00,0.254795,0.182249,21
2021-01-07 11:20:00,0.2555495,0.1822065,21
2021-01-07 11:21:00,0.2551755,0.18231999999999998,21
2021-01-07 11:22:00,0.2554695,0.18247649999999999,21
2021-01-07 11:23:00,0.255183,0.1822905,21
2021-01-07 11:24:00,0.2550985,0.18248799999999998,21
2021-01-07 11:25:00,0.256202,0.18225799999999998,21
2021-01-07 11:26:00,0.2563805,0.18177749999999998,21
2021-01-07 11:27:00,0.25626899999999997,0.18204700000000001,21
2021-01-07 11:28:00,0.256148,0.1823215,21
2021-01-07 11:29:00,0.2561455,0.1824345,21
2021-01-07 11:30:00,0.2566495,0.182081,21
2021-01-07 11:31:00,0.256664,0.18200650000000002,21
2021-01-07 11:32:00,0.25674050000000004,0.182013,21
2021-01-07 11:33:00,0.2572905,0.181806,21
2021-01-07 11:34:00,0.2551595,0.1812755,21
2021-01-07 11:35:00,0.2550565,0.18116,21
2021-01-07 11:36:00,0.25522350000000005,0.1814075,21
2021-01-07 11:37:00,0.2553175,0.181279,21
2021-01-07 11:38:00,0.25542149999999997,0.18130649999999998,21
2021-01-07 11:39:00,0.254247,0.181379,21
2021-01-07 11:40:00,0.25430600000000003,0.181487,21
2021-01-07 11:41:00,0.2539355,0.18116500000000002,21
2021-01-07 11:42:00,0.253895,0.18131150000000001,21
2021-01-07 11:43:00,0.2539555,0.181559,21
2021-01-07 11:44:00,0.25393699999999997,0.18197799999999997,21
2021-01-07 11:45:00,0.25354299999999996,0.1822,21
2021-01-07 11:46:00,0.2535715,0.1821935,21
2021-01-07 11:47:00,0.253571,0.181718,21
2021-01-07 11:48:00,0.2535365,0.18144349999999998,21
2021-01-07 11:49:00,0.2544025,0.180946,21
2021-01-07 11:50:00,0.2555735,0.1808475,21
2021-01-07 11:51:00,0.2553305,0.18081799999999998,21
2021-01-07 11:52:00,0.255057,0.18081799999999998,21
2021-01-07 11:53:00,0.255257,0.180791,21
2021-01-07 11:54:00,0.25536000000000003,0.180753,21
2021-01-07 11:55:00,0.255373,0.180495,21
2021-01-07 11:56:00,0.25495,0.18034650000000002,21
2021-01-07 11:57:00,0.253895,0.180267,21
2021-01-07 11:58:00,0.2537935,0.1802805,21
2021-01-07 11:59:00,0.254468,0.180033,21
2021-01-07 12:00:00,0.25616649999999996,0.1797285,21
2021-01-07 12:01:00,0.25519400000000003,0.179814,21
2021-01-07 12:02:00,0.25521,0.179311,21
2021-01-07 12:03:00,0.2552045,0.17931750000000002,21
2021-01-07 12:04:00,0.25565550000000004,0.17958849999999998,21
2021-01-07 12:05:00,0.25574850000000005,0.1794635,21
2021-01-07 12:06:00,0.25566350000000004,0.1793765,21
2021-01-07 12:07:00,0.253613,0.179463,21
2021-01-07 12:08:00,0.253483,0.17942249999999998,21
2021-01-07 12:09:00,0.253725,0.179904,21
2021-01-07 12:10:00,0.25442699999999996,0.179732,21
2021-01-07 12:11:00,,0.17966700000000002,21
2021-01-07 12:12:00,0.2544265,0.179343,21
2021-01-07 12:13:00,0.2542355,0.179312,21
2021-01-07 12:14:00,0.252961,0.179226,21
2021-01-07 12:15:00,0.25430600000000003,0.17916100000000001,21
2021-01-07 12:16:00,0.2545955,0.18004399999999998,21
2021-01-07 12:17:00,0.253948,0.1799515,21
2021-01-07 12:18:00,0.254941,,21
2021-01-07 12:19:00,0.25496399999999997,0.1796585,21
2021-01-07 12:20:00,0.2549675,0.17930649999999998,21
2021-01-07 12:21:00,0.2558085,0.179506,21
2021-01-07 12:22:00,0.256142,0.179618,21
2021-01-07 12:23:00,0.25610900000000003,0.1796345,21
2021-01-07 12:24:00,0.25449449999999996,0.17970999999999998,21
2021-01-07 12:25:00,0.25456100000000004,0.1799745,21
2021-01-07 12:26:00,0.25472700000000004,0.18022100000000002,21
2021-01-07 12:27:00,0.25422449999999996,0.179723,21
2021-01-07 12:28:00,0.254255,0.17957499999999998,21
2021-01-07 12:29:00,0.254145,0.179663,21
2021-01-07 12:30:00,0.2527435,0.1754895,21
2021-01-07 12:31:00,0.252083,0.17511949999999998,21
2021-01-07 12:32:00,0.25359,0.1752185,21
2021-01-07 12:33:00,0.2523255,0.1751345,21
2021-01-07 12:34:00,0.252245,0.1753065,21
2021-01-07 12:35:00,0.25352399999999997,0.17210150000000002,21
2021-01-07 12:36:00,0.253847,0.1717395,21
2021-01-07 12:37:00,0.2538895,0.1720215,21
2021-01-07 12:38:00,0.2539035,0.175814,21
2021-01-07 12:39:00,0.2536045,0.175834,21
2021-01-07 12:40:00,0.2537335,0.172869,21
2021-01-07 12:41:00,0.253629,0.1729095,21
2021-01-07 12:42:00,0.2523835,0.1726675,21
2021-01-07 12:43:00,0.253114,0.17270000000000002,21
2021-01-07 12:44:00,0.2537025,0.173297,21
2021-01-07 12:45:00,0.253625,0.17369600000000002,21
2021-01-07 12:46:00,0.2539205,0.17387,21
2021-01-07 12:47:00,0.2537645,0.1736165,21
2021-01-07 12:48:00,0.2544,0.173486,21
2021-01-07 12:49:00,0.25499249999999996,0.17358600000000002,21
2021-01-07 12:50:00,0.2556585,0.17367,21
2021-01-07 12:51:00,0.2545805,0.1736835,21
2021-01-07 12:52:00,0.254536,0.17376399999999997,21
2021-01-07 12:53:00,0.255424,0.17398049999999998,21
2021-01-07 12:54:00,0.2542895,0.17379,21
2021-01-07 12:55:00,0.254362,0.1766435,21
2021-01-07 12:56:00,0.2540755,0.176701,21
2021-01-07 12:57:00,0.254545,0.173452,21
2021-01-07 12:58:00,0.25455099999999997,0.1731405,21
2021-01-07 12:59:00,0.25399649999999996,0.173424,21
2021-01-07 13:00:00,0.253861,0.17717650000000001,21
2021-01-07 13:01:00,0.253969,0.1773045,21
2021-01-07 13:02:00,0.25408050000000004,0.1773835,21
2021-01-07 13:03:00,0.2537955,0.17732199999999998,21
2021-01-07 13:04:00,0.2532295,0.177444,21
2021-01-07 13:05:00,0.253581,0.17708200000000002,21
2021-01-07 13:06:00,0.25290650000000003,0.176995,21
2021-01-07 13:07:00,0.252907,0.1768115,21
2021-01-07 13:08:00,0.25289799999999996,0.1740285,21
2021-01-07 13:09:00,0.252364,0.1773665,21
2021-01-07 13:10:00,0.25579,0.173964,21
2021-01-07 13:11:00,0.253721,0.173648,21
2021-01-07 13:12:00,0.25432,0.17362850000000002,21
2021-01-07 13:13:00,0.2537355,0.173651,21
2021-01-07 13:14:00,0.2547145,0.17359,21
2021-01-07 13:15:00,0.255048,0.17328349999999998,21
2021-01-07 13:16:00,0.254791,0.176839,21
2021-01-07 13:17:00,0.255955,0.173375,21
2021-01-07 13:18:00,0.2558575,0.1730195,21
2021-01-07 13:19:00,0.255759,0.17246699999999998,21
2021-01-07 13:20:00,0.254803,0.1721575,21
2021-01-07 13:21:00,0.2541565,0.1724755,21
2021-01-07 13:22:00,0.253988,0.1724415,21
2021-01-07 13:23:00,0.253204,0.1757845,21
2021-01-07 13:24:00,0.2536715,0.17555949999999998,21
2021-01-07 13:25:00,0.255016,0.172065,21
2021-01-07 13:26:00,0.254634,0.1721295,21
2021-01-07 13:27:00,0.25443,0.1721815,21
2021-01-07 13:28:00,0.2544335,0.172626,21
2021-01-07 13:29:00,0.25496549999999996,0.1754815,21
2021-01-07 13:30:00,0.255093,0.175347,21
2021-01-07 13:31:00,0.2550155,0.17540050000000001,21
2021-01-07 13:32:00,0.2550775,0.175828,21
2021-01-07 13:33:00,0.25392899999999996,0.17574849999999997,21
2021-01-07 13:34:00,0.2551015,0.179443,21
2021-01-07 13:35:00,0.256091,0.1792265,21
2021-01-07 13:36:00,0.25600049999999996,0.1803805,21
2021-01-07 13:37:00,0.25608699999999995,0.1799,21
2021-01-07 13:38:00,0.2562135,0.1801295,21
2021-01-07 13:39:00,0.2550735,0.1818235,21
2021-01-07 13:40:00,0.25608,0.1809825,21
2021-01-07 13:41:00,0.2570825,0.1816075,21
2021-01-07 13:42:00,0.256573,0.180664,21
2021-01-07 13:43:00,0.255585,0.1807645,21
2021-01-07 13:44:00,0.2566485,0.180289,21
2021-01-07 13:45:00,0.256946,0.18068299999999998,21
2021-01-07 13:46:00,0.256237,0.180384,21
2021-01-07 13:47:00,0.2564285,0.1807585,21
2021-01-07 13:48:00,0.25722100000000003,0.180893,21
2021-01-07 13:49:00,0.2569635,0.180675,21
2021-01-07 13:50:00,0.257185,0.18058950000000001,21
2021-01-07 13:51:00,0.2575565,0.180612,21
2021-01-07 13:52:00,0.257262,0.18018699999999999,21
2021-01-07 13:53:00,0.257338,0.1800985,21
2021-01-07 13:54:00,0.257286,0.180676,21
2021-01-07 13:55:00,0.257492,0.1804425,21
2021-01-07 13:56:00,0.257453,0.18017850000000002,21
2021-01-07 13:57:00,0.2585105,0.180667,21
2021-01-07 13:58:00,0.2568785,0.1803765,21
2021-01-07 13:59:00,0.255797,0.17995899999999998,21
2021-01-07 14:00:00,0.25756100000000004,0.179969,21
2021-01-07 14:01:00,0.2590025,0.1796975,21
2021-01-07 14:02:00,0.2565015,0.179738,21
2021-01-07 14:03:00,0.256344,0.1797805,21
2021-01-07 14:04:00,0.25490199999999996,0.17964000000000002,21
2021-01-07 14:05:00,0.25479450000000003,0.179765,21
2021-01-07 14:06:00,0.255974,0.179634,21
2021-01-07 14:07:00,0.255896,0.1796575,21
2021-01-07 14:08:00,0.255893,0.179415,21
2021-01-07 14:09:00,0.25696850000000004,0.1792985,21
2021-01-07 14:10:00,0.25793750000000004,0.17968699999999999,21
2021-01-07 14:11:00,0.256725,0.180864,21
2021-01-07 14:12:00,0.257071,0.180344,21
2021-01-07 14:13:00,0.256398,0.1801995,21
2021-01-07 14:14:00,0.2579365,0.180732,21
2021-01-07 14:15:00,0.25525,0.1804955,21
2021-01-07 14:16:00,0.2542215,0.1805875,21
2021-01-07 14:17:00,0.25514950000000003,0.1804945,21
2021-01-07 14:18:00,0.255169,0.180512,21
2021-01-07 14:19:00,0.256524,0.17974299999999999,21
2021-01-07 14:20:00,0.2562235,0.1801985,21
2021-01-07 14:21:00,0.25557850000000004,0.1804715,21
2021-01-07 14:22:00,0.2566155,0.180195,21
2021-01-07 14:23:00,0.25715,0.1804865,21
2021-01-07 14:24:00,0.2563455,0.180697,21
2021-01-07 14:25:00,0.256609,0.18035800000000002,21
2021-01-07 14:26:00,0.2562065,0.180197,21
2021-01-07 14:27:00,0.25439500000000004,0.1798745,21
2021-01-07 14:28:00,0.254182,0.179736,21
2021-01-07 14:29:00,0.25445249999999997,0.179817,21
2021-01-07 14:30:00,0.253657,0.1798755,21
2021-01-07 14:31:00,0.25454699999999997,0.179307,21
2021-01-07 14:32:00,0.2546225,0.179646,21
2021-01-07 14:33:00,0.254603,0.17931350000000001,21
2021-01-07 14:34:00,0.2542005,0.1797155,21
2021-01-07 14:35:00,0.255089,0.180115,21
2021-01-07 14:36:00,0.25406249999999997,0.1797415,21
2021-01-07 14:37:00,0.253527,0.1791485,21
2021-01-07 14:38:00,0.253186,0.17944100000000002,21
2021-01-07 14:39:00,0.25403,0.179431,21
2021-01-07 14:40:00,0.253888,0.1794865,21
2021-01-07 14:41:00,0.255111,0.179283,21
2021-01-07 14:42:00,0.2532855,0.1793545,21
2021-01-07 14:43:00,0.2548435,0.1794685,21
2021-01-07 14:44:00,0.2546555,0.179373,21
2021-01-07 14:45:00,0.2545465,0.1792635,21
2021-01-07 14:46:00,0.2544675,0.179415,21
2021-01-07 14:47:00,0.25358250000000004,0.1793905,21
2021-01-07 14:48:00,0.25364050000000005,0.179655,21
2021-01-07 14:49:00,0.25438099999999997,0.179332,21
2021-01-07 14:50:00,0.2524685,0.1791215,21
2021-01-07 14:51:00,0.2528055,0.17897000000000002,21
2021-01-07 14:52:00,0.2511885,0.1788495,21
2021-01-07 14:53:00,0.25215350000000003,0.179307,21
2021-01-07 14:54:00,0.2528135,0.179269,21
2021-01-07 14:55:00,0.252323,0.1793295,21
2021-01-07 14:56:00,0.2520065,0.1796195,21
2021-01-07 14:57:00,0.25209800000000004,0.179413,21
2021-01-07 14:58:00,0.2509585,0.179592,21
2021-01-07 14:59:00,0.25063599999999997,0.17985250000000003,21
2021-01-07 15:00:00,0.2515385,0.1797175,21
2021-01-07 15:01:00,0.2525305,0.179482,21
2021-01-07 15:02:00,0.25072,0.18009999999999998,21
2021-01-07 15:03:00,0.24902400000000002,0.18008800000000003,21
2021-01-07 15:04:00,0.249506,0.1802415,21
2021-01-07 15:05:00,0.2506155,0.180357,21
2021-01-07 15:06:00,0.250884,0.18012099999999998,21
2021-01-07 15:07:00,0.25158650000000005,0.18048150000000002,21
2021-01-07 15:08:00,0.251792,0.1804515,21
2021-01-07 15:09:00,0.2523025,0.1807925,21
2021-01-07 15:10:00,0.25212,0.1810225,21
2021-01-07 15:11:00,0.252085,0.181245,21
2021-01-07 15:12:00,0.25208949999999997,0.18149500000000002,21
2021-01-07 15:13:00,0.251895,0.18123650000000002,21
2021-01-07 15:14:00,0.250423,0.18089349999999998,21
2021-01-07 15:15:00,0.25032750000000004,0.1809175,21
2021-01-07 15:16:00,0.250657,0.18094,21
2021-01-07 15:17:00,0.24969750000000002,0.18123299999999998,21
2021-01-07 15:18:00,0.2506835,0.181672,21
2021-01-07 15:19:00,0.2501875,0.18162299999999998,21
2021-01-07 15:20:00,0.24884,0.18148999999999998,21
2021-01-07 15:21:00,0.248675,0.1816335,21
2021-01-07 15:22:00,0.24828450000000002,0.18141600000000002,21
2021-01-07 15:23:00,0.24802000000000002,0.181823,21
2021-01-07 15:24:00,0.248815,0.181875,21
2021-01-07 15:25:00,0.24954700000000002,0.18153249999999999,21
2021-01-07 15:26:00,0.2497445,0.1806885,21
2021-01-07 15:27:00,0.2487445,0.1804095,21
2021-01-07 15:28:00,0.2486795,0.180028,21
2021-01-07 15:29:00,0.2472185,0.179975,21
2021-01-07 15:30:00,0.2459015,0.18479649999999997,21
2021-01-08 09:15:00,0.248203,0.1721645,20
2021-01-08 09:16:00,0.24883,0.1713175,20
2021-01-08 09:17:00,0.249921,0.16979450000000001,20
2021-01-08 09:18:00,0.2495945,0.1695545,20
2021-01-08 09:19:00,0.24824,0.16989700000000002,20
2021-01-08 09:20:00,0.2495125,0.1688345,20
2021-01-08 09:21:00,0.250354,0.1683575,20
2021-01-08 09:22:00,0.2498875,0.16841899999999999,20
2021-01-08 09:23:00,0.25070749999999997,0.168694,20
2021-01-08 09:24:00,0.25043499999999996,0.1687925,20
2021-01-08 09:25:00,0.2512645,0.168573,20
2021-01-08 09:26:00,0.2512275,0.1685165,20
2021-01-08 09:27:00,0.25070749999999997,0.16912149999999998,20
2021-01-08 09:28:00,0.2503575,0.16888350000000002,20
2021-01-08 09:29:00,0.2499575,0.1688895,20
2021-01-08 09:30:00,0.2493055,0.1686625,20
2021-01-08 09:31:00,0.249089,0.16869800000000001,20
2021-01-08 09:32:00,0.2476915,0.168244,20
2021-01-08 09:33:00,0.248739,0.16828549999999998,20
2021-01-08 09:34:00,0.247943,0.16838999999999998,20
2021-01-08 09:35:00,0.247818,0.168645,20
2021-01-08 09:36:00,0.2481775,0.1686245,20
2021-01-08 09:37:00,0.2477195,0.168306,20
2021-01-08 09:38:00,0.247351,0.1685255,20
2021-01-08 09:39:00,0.2478915,0.168591,20
2021-01-08 09:40:00,0.24708000000000002,0.168835,20
2021-01-08 09:41:00,0.24789,0.1693245,20
2021-01-08 09:42:00,0.2505725,0.1690575,20
2021-01-08 09:43:00,0.249153,0.169024,20
2021-01-08 09:44:00,0.2482365,0.169085,20
2021-01-08 09:45:00,0.24839,0.169101,20
2021-01-08 09:46:00,0.2495245,0.1690305,20
2021-01-08 09:47:00,0.24914199999999997,0.1694025,20
2021-01-08 09:48:00,0.2474445,0.169379,20
2021-01-08 09:49:00,0.2470655,0.169161,20
2021-01-08 09:50:00,0.249138,0.168821,20
2021-01-08 09:51:00,0.24994650000000002,0.16878100000000001,20
2021-01-08 09:52:00,0.24895299999999998,0.1689135,20
2021-01-08 09:53:00,0.248421,0.1689995,20
2021-01-08 09:54:00,0.248142,0.16918650000000002,20
2021-01-08 09:55:00,0.24774849999999998,0.168811,20
2021-01-08 09:56:00,0.24765800000000002,0.16855,20
2021-01-08 09:57:00,0.24820799999999998,0.168748,20
2021-01-08 09:58:00,0.24864750000000002,0.1690565,20
2021-01-08 09:59:00,0.2486755,0.16858499999999998,20
2021-01-08 10:00:00,0.24902000000000002,0.168699,20
2021-01-08 10:01:00,0.24854,0.16857100000000003,20
2021-01-08 10:02:00,0.2484815,0.16869,20
2021-01-08 10:03:00,0.2476505,0.1689025,20
2021-01-08 10:04:00,0.2473245,0.169126,20
2021-01-08 10:05:00,0.24821500000000002,0.16936099999999998,20
2021-01-08 10:06:00,0.248118,0.169466,20
2021-01-08 10:07:00,0.2481205,0.1695335,20
2021-01-08 10:08:00,0.24812499999999998,0.169431,20
2021-01-08 10:09:00,0.2473865,0.16938,20
2021-01-08 10:10:00,0.2460275,0.1692465,20
2021-01-08 10:11:00,0.24601800000000001,0.1691415,20
2021-01-08 10:12:00,0.2467575,0.16921350000000002,20
2021-01-08 10:13:00,0.2469695,0.169474,20
2021-01-08 10:14:00,0.246503,0.1693075,20
2021-01-08 10:15:00,0.2475435,0.1693425,20
2021-01-08 10:16:00,0.24661149999999998,0.16919099999999998,20
2021-01-08 10:17:00,0.2465165,0.1692705,20
2021-01-08 10:18:00,0.24661,0.169291,20
2021-01-08 10:19:00,0.24697449999999999,0.1694585,20
2021-01-08 10:20:00,0.247917,0.169936,20
2021-01-08 10:21:00,0.247533,0.170352,20
2021-01-08 10:22:00,0.2460775,0.1693315,20
2021-01-08 10:23:00,0.248248,0.169109,20
2021-01-08 10:24:00,0.2478195,0.1696315,20
2021-01-08 10:25:00,0.2475995,0.1697145,20
2021-01-08 10:26:00,0.246907,0.1699295,20
2021-01-08 10:27:00,0.247301,0.1703885,20
2021-01-08 10:28:00,0.2474855,0.170529,20
2021-01-08 10:29:00,0.246451,0.17098049999999998,20
2021-01-08 10:30:00,0.2468015,0.1710045,20
2021-01-08 10:31:00,0.247354,0.17153400000000002,20
2021-01-08 10:32:00,0.24735800000000002,0.1713515,20
2021-01-08 10:33:00,0.2465635,0.171134,20
2021-01-08 10:34:00,0.246714,0.171071,20
2021-01-08 10:35:00,0.2465655,0.1710625,20
2021-01-08 10:36:00,0.247689,0.1719055,20
2021-01-08 10:37:00,0.24823299999999998,0.1723225,20
2021-01-08 10:38:00,0.2484065,0.1724035,20
2021-01-08 10:39:00,0.249411,0.1737885,20
2021-01-08 10:40:00,0.2496965,0.17419849999999998,20
2021-01-08 10:41:00,0.25002250000000004,0.1742785,20
2021-01-08 10:42:00,0.2505945,0.174583,20
2021-01-08 10:43:00,0.2505995,0.174267,20
2021-01-08 10:44:00,0.2498435,0.174197,20
2021-01-08 10:45:00,0.2495365,0.173809,20
2021-01-08 10:46:00,0.2501445,0.173298,20
2021-01-08 10:47:00,0.2496315,0.17321799999999998,20
2021-01-08 10:48:00,0.2488325,0.1732435,20
2021-01-08 10:49:00,0.2485185,0.17297099999999999,20
2021-01-08 10:50:00,0.2489265,0.1729565,20
2021-01-08 10:51:00,0.248496,0.1732565,20
2021-01-08 10:52:00,0.2485005,0.173254,20
2021-01-08 10:53:00,0.248866,0.173132,20
2021-01-08 10:54:00,0.24902049999999998,0.1728785,20
2021-01-08 10:55:00,0.2497355,0.1728135,20
2021-01-08 10:56:00,0.248531,0.17298449999999999,20
2021-01-08 10:57:00,0.24947049999999998,0.1724385,20
2021-01-08 10:58:00,0.249853,0.172643,20
2021-01-08 10:59:00,0.250653,0.172437,20
2021-01-08 11:00:00,0.25014899999999995,0.172253,20
2021-01-08 11:01:00,0.2493615,0.172314,20
2021-01-08 11:02:00,0.25003,0.1723305,20
2021-01-08 11:03:00,0.250566,0.1721095,20
2021-01-08 11:04:00,0.2502145,0.172271,20
2021-01-08 11:05:00,0.2501475,0.1722845,20
2021-01-08 11:06:00,0.24960150000000003,0.17264000000000002,20
2021-01-08 11:07:00,0.2492705,0.17323850000000002,20
2021-01-08 11:08:00,0.2497885,0.17284349999999998,20
2021-01-08 11:09:00,0.25061100000000003,0.172868,20
2021-01-08 11:10:00,0.2495795,0.17247849999999998,20
2021-01-08 11:11:00,0.2496035,0.1722805,20
2021-01-08 11:12:00,0.25044900000000003,0.1725485,20
2021-01-08 11:13:00,0.2497555,0.172944,20
2021-01-08 11:14:00,0.249738,0.1730015,20
2021-01-08 11:15:00,0.24986950000000002,0.173049,20
2021-01-08 11:16:00,0.2504015,0.1725525,20
2021-01-08 11:17:00,0.25055649999999996,0.17262650000000002,20
2021-01-08 11:18:00,0.249633,0.1732505,20
2021-01-08 11:19:00,0.249295,0.17314000000000002,20
2021-01-08 11:20:00,0.249286,0.172985,20
2021-01-08 11:21:00,0.251087,0.17304999999999998,20
2021-01-08 11:22:00,0.25148550000000003,0.172791,20
2021-01-08 11:23:00,0.250619,0.17270000000000002,20
2021-01-08 11:24:00,0.250842,0.1727395,20
2021-01-08 11:25:00,0.2506405,0.17296099999999998,20
2021-01-08 11:26:00,0.2495165,0.17277900000000002,20
2021-01-08 11:27:00,0.2503625,0.172709,20
2021-01-08 11:28:00,0.251312,0.172909,20
2021-01-08 11:29:00,0.25056849999999997,0.17285499999999998,20
2021-01-08 11:30:00,0.2497495,0.1728925,20
2021-01-08 11:31:00,0.2502975,0.1731065,20
2021-01-08 11:32:00,0.2505195,0.172837,20
2021-01-08 11:33:00,0.250122,0.1728535,20
2021-01-08 11:34:00,0.25187099999999996,0.1723175,20
2021-01-08 11:35:00,0.250807,0.1723585,20
2021-01-08 11:36:00,0.24891449999999998,0.1728945,20
2021-01-08 11:37:00,0.248558,0.172864,20
2021-01-08 11:38:00,0.24798399999999998,0.173382,20
2021-01-08 11:39:00,0.24773699999999999,0.17337249999999998,20
2021-01-08 11:40:00,0.247853,0.173374,20
2021-01-08 11:41:00,0.24795899999999998,0.17321,20
2021-01-08 11:42:00,0.2484415,0.1733425,20
2021-01-08 11:43:00,0.2488625,0.1737255,20
2021-01-08 11:44:00,0.248381,0.1737885,20
2021-01-08 11:45:00,0.2486415,0.1738595,20
2021-01-08 11:46:00,0.248664,0.173578,20
2021-01-08 11:47:00,0.248741,0.172908,20
2021-01-08 11:48:00,0.2486465,0.17278300000000002,20
2021-01-08 11:49:00,0.248192,0.172692,20
2021-01-08 11:50:00,0.24977500000000002,0.17336649999999998,20
2021-01-08 11:51:00,0.2500755,0.17338900000000002,20
2021-01-08 11:52:00,0.250316,0.17339300000000002,20
2021-01-08 11:53:00,0.250692,0.17329850000000002,20
2021-01-08 11:54:00,0.2496555,0.1733305,20
2021-01-08 11:55:00,0.2496485,0.173398,20
2021-01-08 11:56:00,0.249364,0.1734235,20
2021-01-08 11:57:00,0.2493195,0.1737805,20
2021-01-08 11:58:00,0.2487965,0.1740585,20
2021-01-08 11:59:00,0.2480235,0.174192,20
2021-01-08 12:00:00,0.247955,0.1740025,20
2021-01-08 12:01:00,0.248548,0.1739955,20
2021-01-08 12:02:00,0.248519,0.1737,20
2021-01-08 12:03:00,0.24863249999999998,0.173825,20
2021-01-08 12:04:00,0.24952049999999998,0.173102,20
2021-01-08 12:05:00,0.251851,0.173146,20
2021-01-08 12:06:00,0.24907400000000002,0.173449,20
2021-01-08 12:07:00,0.24879649999999998,0.1732915,20
2021-01-08 12:08:00,0.249808,0.1735795,20
2021-01-08 12:09:00,0.2504735,0.1738275,20
2021-01-08 12:10:00,0.2503165,0.17419600000000002,20
2021-01-08 12:11:00,0.2506125,0.17377599999999999,20
2021-01-08 12:12:00,0.25015,0.17401,20
2021-01-08 12:13:00,0.250321,0.17463800000000002,20
2021-01-08 12:14:00,0.2501915,0.174957,20
2021-01-08 12:15:00,0.250857,0.1743835,20
2021-01-08 12:16:00,0.250533,0.174188,20
2021-01-08 12:17:00,0.249878,0.174232,20
2021-01-08 12:18:00,0.2503145,0.174336,20
2021-01-08 12:19:00,0.249724,0.1744635,20
2021-01-08 12:20:00,0.249408,0.174345,20
2021-01-08 12:21:00,0.249889,0.17427399999999998,20
2021-01-08 12:22:00,0.2494515,0.1739045,20
2021-01-08 12:23:00,0.248467,0.174169,20
2021-01-08 12:24:00,0.248201,0.174258,20
2021-01-08 12:25:00,0.2479835,0.17412650000000002,20
2021-01-08 12:26:00,0.246753,0.17375649999999998,20
2021-01-08 12:27:00,0.25034,0.1739545,20
2021-01-08 12:28:00,0.251234,0.17432399999999998,20
2021-01-08 12:29:00,0.2487095,0.17470449999999998,20
2021-01-08 12:30:00,0.2486315,0.17447200000000002,20
2021-01-08 12:31:00,0.2482625,0.17446450000000002,20
2021-01-08 12:32:00,0.247741,0.1751235,20
2021-01-08 12:33:00,0.247772,0.1748675,20
2021-01-08 12:34:00,0.2487115,0.174551,20
2021-01-08 12:35:00,0.249538,0.174872,20
2021-01-08 12:36:00,0.2505825,0.175494,20
2021-01-08 12:37:00,0.2501855,0.1751565,20
2021-01-08 12:38:00,0.249363,0.174782,20
2021-01-08 12:39:00,0.249735,0.1749735,20
2021-01-08 12:40:00,0.249498,0.17471399999999998,20
2021-01-08 12:41:00,0.2496275,0.17498249999999999,20
2021-01-08 12:42:00,0.24998900000000002,0.1751505,20
2021-01-08 12:43:00,0.249294,0.174912,20
2021-01-08 12:44:00,0.24976,0.1750045,20
2021-01-08 12:45:00,0.248707,0.174858,20
2021-01-08 12:46:00,0.2494625,0.17497000000000001,20
2021-01-08 12:47:00,0.2485145,0.175063,20
2021-01-08 12:48:00,0.24818800000000002,0.174658,20
2021-01-08 12:49:00,0.24777749999999998,0.17482199999999998,20
2021-01-08 12:50:00,0.2468645,0.1746145,20
2021-01-08 12:51:00,0.2486865,0.1747965,20
2021-01-08 12:52:00,0.2495485,0.174966,20
2021-01-08 12:53:00,0.250289,0.17504350000000002,20
2021-01-08 12:54:00,0.249672,0.175027,20
2021-01-08 12:55:00,0.249544,0.1749,20
2021-01-08 12:56:00,0.2488675,0.17458649999999998,20
2021-01-08 12:57:00,0.25158499999999995,0.17458,20
2021-01-08 12:58:00,0.2517975,0.17471199999999998,20
2021-01-08 12:59:00,0.2511485,0.1744415,20
2021-01-08 13:00:00,0.250105,0.174573,20
2021-01-08 13:01:00,0.2498885,0.1744175,20
2021-01-08 13:02:00,0.2498115,0.174244,20
2021-01-08 13:03:00,0.2497605,0.174524,20
2021-01-08 13:04:00,0.24917699999999998,0.1746455,20
2021-01-08 13:05:00,0.25017100000000003,0.174735,20
2021-01-08 13:06:00,0.250343,0.174657,20
2021-01-08 13:07:00,0.24858,0.174108,20
2021-01-08 13:08:00,0.24858249999999998,0.17404350000000002,20
2021-01-08 13:09:00,0.24785000000000001,0.1741995,20
2021-01-08 13:10:00,0.24844,0.174057,20
2021-01-08 13:11:00,0.248301,0.1735295,20
2021-01-08 13:12:00,0.248462,0.1734075,20
2021-01-08 13:13:00,0.2483745,0.1734635,20
2021-01-08 13:14:00,0.2483015,0.1740335,20
2021-01-08 13:15:00,0.2487475,0.174007,20
2021-01-08 13:16:00,0.2490425,0.1739885,20
2021-01-08 13:17:00,0.249866,0.17430299999999999,20
2021-01-08 13:18:00,0.250446,0.1744465,20
2021-01-08 13:19:00,0.2489615,0.17454150000000002,20
2021-01-08 13:20:00,0.24880449999999998,0.17450349999999998,20
2021-01-08 13:21:00,0.2496715,0.174713,20
2021-01-08 13:22:00,0.2500065,0.1749535,20
2021-01-08 13:23:00,0.249559,0.1750795,20
2021-01-08 13:24:00,0.2493885,0.1749955,20
2021-01-08 13:25:00,0.2500715,,20
2021-01-08 13:26:00,0.2492695,0.17519200000000001,20
2021-01-08 13:27:00,0.249952,0.1746445,20
2021-01-08 13:28:00,0.2499805,0.1744645,20
2021-01-08 13:29:00,0.24922149999999998,0.1741595,20
2021-01-08 13:30:00,0.248629,0.1741405,20
2021-01-08 13:31:00,0.2494555,0.173987,20
2021-01-08 13:32:00,0.249136,0.1742745,20
2021-01-08 13:33:00,0.2483215,0.174314,20
2021-01-08 13:34:00,0.248494,0.174254,20
2021-01-08 13:35:00,0.251116,0.1747095,20
2021-01-08 13:36:00,0.250308,0.174879,20
2021-01-08 13:37:00,0.2489675,0.1747545,20
2021-01-08 13:38:00,0.24992550000000002,0.1750935,20
2021-01-08 13:39:00,0.25200100000000003,0.1741405,20
2021-01-08 13:40:00,0.2514485,0.17438,20
2021-01-08 13:41:00,0.252154,0.1741255,20
2021-01-08 13:42:00,0.251634,0.1734215,20
2021-01-08 13:43:00,0.250154,,20
2021-01-08 13:44:00,0.250459,0.17375000000000002,20
2021-01-08 13:45:00,0.2501615,0.173632,20
2021-01-08 13:46:00,0.249919,0.173771,20
2021-01-08 13:47:00,0.2508925,0.173564,20
2021-01-08 13:48:00,0.25035949999999996,0.1738275,20
2021-01-08 13:49:00,0.250174,0.173636,20
2021-01-08 13:50:00,0.24861650000000002,0.17335250000000002,20
2021-01-08 13:51:00,0.2500205,0.173344,20
2021-01-08 13:52:00,0.25002749999999996,0.1733185,20
2021-01-08 13:53:00,0.2502835,0.1738675,20
2021-01-08 13:54:00,0.250392,0.17407450000000002,20
2021-01-08 13:55:00,0.250535,0.1740445,20
2021-01-08 13:56:00,0.2487295,0.17380600000000002,20
2021-01-08 13:57:00,0.248734,0.17367300000000002,20
2021-01-08 13:58:00,0.2477525,0.173873,20
2021-01-08 13:59:00,0.24790450000000003,0.17374699999999998,20
2021-01-08 14:00:00,0.2487335,0.17315000000000003,20
2021-01-08 14:01:00,0.249161,0.173729,20
2021-01-08 14:02:00,0.2505095,0.1743415,20
2021-01-08 14:03:00,0.249475,0.1741325,20
2021-01-08 14:04:00,0.24951649999999997,0.1740935,20
2021-01-08 14:05:00,0.250718,0.1742685,20
2021-01-08 14:06:00,0.2508815,0.1743925,20
2021-01-08 14:07:00,0.251066,0.17425649999999998,20
2021-01-08 14:08:00,0.2497925,0.1743295,20
2021-01-08 14:09:00,0.2506125,0.174196,20
2021-01-08 14:10:00,0.2513695,0.1742155,20
2021-01-08 14:11:00,0.251293,0.17461700000000002,20
2021-01-08 14:12:00,0.2517055,0.17410599999999998,20
2021-01-08 14:13:00,0.25117,0.17381950000000002,20
2021-01-08 14:14:00,0.24991449999999998,0.1741115,20
2021-01-08 14:15:00,0.249939,0.1743365,20
2021-01-08 14:16:00,0.250979,0.174117,20
2021-01-08 14:17:00,0.252311,0.174672,20
2021-01-08 14:18:00,0.2523565,0.17437000000000002,20
2021-01-08 14:19:00,0.25117849999999997,0.17452600000000001,20
2021-01-08 14:20:00,0.2517155,0.17463800000000002,20
2021-01-08 14:21:00,0.250972,0.174533,20
2021-01-08 14:22:00,0.2511375,0.174531,20
2021-01-08 14:23:00,0.25143899999999997,0.1745325,20
2021-01-08 14:24:00,0.25191949999999996,0.1742915,20
2021-01-08 14:25:00,0.2503255,0.1742245,20
2021-01-08 14:26:00,0.2500585,0.1741875,20
2021-01-08 14:27:00,0.2492925,0.174388,20
2021-01-08 14:28:00,0.2498165,0.17422100000000001,20
2021-01-08 14:29:00,0.2500415,0.1739505,20
2021-01-08 14:30:00,0.25016150000000004,0.1740215,20
2021-01-08 14:31:00,0.2503395,0.1741915,20
2021-01-08 14:32:00,0.2514375,0.17407850000000002,20
2021-01-08 14:33:00,0.2504115,0.17407,20
2021-01-08 14:34:00,0.250666,0.1740645,20
2021-01-08 14:35:00,0.2503795,0.174299,20
2021-01-08 14:36:00,0.248958,0.1740855,20
2021-01-08 14:37:00,0.2482515,0.17411149999999997,20
2021-01-08 14:38:00,0.2482675,0.1740535,20
2021-01-08 14:39:00,0.248803,0.171275,20
2021-01-08 14:40:00,0.2491585,0.1714915,20
2021-01-08 14:41:00,0.248855,0.17169099999999998,20
2021-01-08 14:42:00,0.2483595,0.1684315,20
2021-01-08 14:43:00,0.24841249999999998,0.168564,20
2021-01-08 14:44:00,0.2486025,0.16875400000000002,20
2021-01-08 14:45:00,0.24901849999999998,0.16928300000000002,20
2021-01-08 14:46:00,0.24770999999999999,0.170607,20
2021-01-08 14:47:00,0.248146,0.17116900000000002,20
2021-01-08 14:48:00,0.247539,0.1716585,20
2021-01-08 14:49:00,0.248608,0.1720415,20
2021-01-08 14:50:00,0.248936,0.171887,20
2021-01-08 14:51:00,0.250865,0.171026,20
2021-01-08 14:52:00,0.25073100000000004,0.171197,20
2021-01-08 14:53:00,0.2496455,0.1714515,20
2021-01-08 14:54:00,0.2489495,0.171513,20
2021-01-08 14:55:00,0.249317,0.171291,20
2021-01-08 14:56:00,0.249418,0.1710295,20
2021-01-08 14:57:00,0.248806,0.1707665,20
2021-01-08 14:58:00,0.2493555,0.1703525,20
2021-01-08 14:59:00,0.249635,0.17069099999999998,20
2021-01-08 15:00:00,0.2494845,0.17071,20
2021-01-08 15:01:00,0.24986799999999998,0.1706375,20
2021-01-08 15:02:00,0.2507515,0.170719,20
2021-01-08 15:03:00,0.2512095,0.17066399999999998,20
2021-01-08 15:04:00,0.251274,0.170327,20
2021-01-08 15:05:00,0.2516475,0.170782,20
2021-01-08 15:06:00,0.25220149999999997,0.170638,20
2021-01-08 15:07:00,0.2521075,0.17055199999999998,20
2021-01-08 15:08:00,0.2515085,0.1705835,20
2021-01-08 15:09:00,0.251807,0.170625,20
2021-01-08 15:10:00,0.2517325,0.170769,20
2021-01-08 15:11:00,0.250647,0.17084,20
2021-01-08 15:12:00,0.250618,0.1708195,20
2021-01-08 15:13:00,0.250806,0.1708865,20
2021-01-08 15:14:00,0.2504905,0.17054999999999998,20
2021-01-08 15:15:00,0.25111700000000003,0.17049799999999998,20
2021-01-08 15:16:00,0.25138950000000004,0.169972,20
2021-01-08 15:17:00,0.2509995,0.170068,20
2021-01-08 15:18:00,0.2511315,0.169828,20
2021-01-08 15:19:00,0.2517495,0.17007899999999998,20
2021-01-08 15:20:00,0.250885,0.16958250000000002,20
2021-01-08 15:21:00,0.2500065,0.16975,20
2021-01-08 15:22:00,0.24949349999999998,0.16989100000000001,20
2021-01-08 15:23:00,0.247751,0.170074,20
2021-01-08 15:24:00,0.249539,0.17001149999999998,20
2021-01-08 15:25:00,0.249579,0.1705025,20
2021-01-08 15:26:00,0.24949,0.170833,20
2021-01-08 15:27:00,0.2504185,0.171149,20
2021-01-08 15:28:00,0.2512005,0.1722555,20
2021-01-08 15:29:00,0.250836,0.1724195,20
2021-01-08 15:30:00,0.2519485,0.173267,20
